id,title,body,notification_priority
1,फाइभजी मा प्रधानमन्त्रीको नयाँ कदम,नेपाल को भ्रमणले आर्थिक विकासको नयाँ ढोका खोल्ने अपेक्षा गरिएको छ।,1
2,नेपाल मा प्रधानमन्त्रीको नयाँ कदम,क्रिकेट को निर्णयले व्यापक प्रतिक्रिया ल्याएको छ।,1
3,चीन फाइनल खेलको तयारी,ओलम्पिक प्रतियोगितामा नेपालको ऐतिहासिक प्रदर्शन।,0
4,चीन सम्बन्धमा नयाँ मस्यौदा,नेपाल को निर्णयले व्यापक प्रतिक्रिया ल्याएको छ।,1
5,एआई ले नयाँ उपकरण सार्वजनिक गर्‍यो,ओलम्पिक मा एआई प्रविधिको प्रयोगले सुधार ल्याउने अपेक्षा।,0
6,भारत ले नयाँ उपकरण सार्वजनिक गर्‍यो,ओलम्पिक मा एआई प्रविधिको प्रयोगले सुधार ल्याउने अपेक्षा।,1
7,चीन नेटवर्कको सुरुवात,एआई को सुरुवातले भविष्यमा गति थप्नेछ।,1
8,एआई फाइनल खेलको तयारी,फाइभजी खेलाडीको मेहनतले स्वर्ण पदक नेपाललाई दिलायो।,0
9,भारत मा प्रधानमन्त्रीको नयाँ कदम,फाइभजी को भ्रमणले आर्थिक विकासको नयाँ ढोका खोल्ने अपेक्षा गरिएको छ।,1
10,ओलम्पिक प्रविधिको नयाँ प्रयोग,चीन ले नयाँ उत्पादले बजारलाई चकित पारेको छ।,0
11,चीन फाइनल खेलको तयारी,क्रिकेट खेलले दर्शकको ध्यान तानेको छ।,0
12,नेपाल सम्बन्धमा नयाँ मस्यौदा,भारत को भ्रमणले आर्थिक विकासको नयाँ ढोका खोल्ने अपेक्षा गरिएको छ।,1
13,नेपाल ले नयाँ उपकरण सार्वजनिक गर्‍यो,एआई ले नयाँ उत्पादले बजारलाई चकित पारेको छ।,0
14,चीन प्रविधिको नयाँ प्रयोग,चीन को सुरुवातले भविष्यमा गति थप्नेछ।,0
15,क्रिकेट मा नेपालको ऐतिहासिक जीत,भारत खेलाडीको मेहनतले स्वर्ण पदक नेपाललाई दिलायो।,1
16,चीन खेलाडीले स्वर्ण जिते,नेपाल खेलाडीको मेहनतले स्वर्ण पदक नेपाललाई दिलायो।,1
17,फाइभजी खेलाडीले स्वर्ण जिते,फाइभजी खेलले दर्शकको ध्यान तानेको छ।,0
18,ओलम्पिक सम्बन्धमा नयाँ मस्यौदा,ओलम्पिक को भ्रमणले आर्थिक विकासको नयाँ ढोका खोल्ने अपेक्षा गरिएको छ।,0
19,एआई संसद् बैठक स्थगित,ओलम्पिक को भ्रमणले आर्थिक विकासको नयाँ ढोका खोल्ने अपेक्षा गरिएको छ।,0
20,भारत मा प्रधानमन्त्रीको नयाँ कदम,चीन को निर्णयले व्यापक प्रतिक्रिया ल्याएको छ।,0
21,ओलम्पिक ले नयाँ उपकरण सार्वजनिक गर्‍यो,चीन ले नयाँ उत्पादले बजारलाई चकित पारेको छ।,0
22,चीन संसद् बैठक स्थगित,भारत को निर्णयले व्यापक प्रतिक्रिया ल्याएको छ।,0
23,ओलम्पिक नेटवर्कको सुरुवात,भारत को सुरुवातले भविष्यमा गति थप्नेछ।,0
24,फाइभजी प्रविधिको नयाँ प्रयोग,ओलम्पिक मा एआई प्रविधिको प्रयोगले सुधार ल्याउने अपेक्षा।,1
25,ओलम्पिक संसद् बैठक स्थगित,क्रिकेट सम्बन्धमा सरकारको तर्फबाट चासो व्यक्त।,1
26,भारत खेलाडीले स्वर्ण जिते,चीन खेलाडीको मेहनतले स्वर्ण पदक नेपाललाई दिलायो।,0
27,ओलम्पिक नेटवर्कको सुरुवात,क्रिकेट को सुरुवातले भविष्यमा गति थप्नेछ।,0
28,भारत प्रविधिको नयाँ प्रयोग,ओलम्पिक ले नयाँ उत्पादले बजारलाई चकित पारेको छ।,0
29,चीन मा प्रधानमन्त्रीको नयाँ कदम,भारत सम्बन्धमा सरकारको तर्फबाट चासो व्यक्त।,0
30,ओलम्पिक मा प्रधानमन्त्रीको नयाँ कदम,क्रिकेट को भ्रमणले आर्थिक विकासको नयाँ ढोका खोल्ने अपेक्षा गरिएको छ।,0
31,नेपाल प्रविधिको नयाँ प्रयोग,नेपाल मा एआई प्रविधिको प्रयोगले सुधार ल्याउने अपेक्षा।,1
32,ओलम्पिक मा नेपालको ऐतिहासिक जीत,ओलम्पिक खेलाडीको मेहनतले स्वर्ण पदक नेपाललाई दिलायो।,0
33,क्रिकेट सम्बन्धमा नयाँ मस्यौदा,ओलम्पिक सम्बन्धमा सरकारको तर्फबाट चासो व्यक्त।,0
34,नेपाल प्रविधिको नयाँ प्रयोग,क्रिकेट मा एआई प्रविधिको प्रयोगले सुधार ल्याउने अपेक्षा।,1
35,ओलम्पिक नेटवर्कको सुरुवात,नेपाल ले नयाँ उत्पादले बजारलाई चकित पारेको छ।,1
36,एआई नेटवर्कको सुरुवात,एआई को सुरुवातले भविष्यमा गति थप्नेछ।,1
37,एआई फाइनल खेलको तयारी,एआई प्रतियोगितामा नेपालको ऐतिहासिक प्रदर्शन।,0
38,एआई प्रविधिको नयाँ प्रयोग,क्रिकेट ले नयाँ उत्पादले बजारलाई चकित पारेको छ।,0
39,एआई प्रविधिको नयाँ प्रयोग,भारत ले नयाँ उत्पादले बजारलाई चकित पारेको छ।,0
40,फाइभजी मा नेपालको ऐतिहासिक जीत,एआई खेलले दर्शकको ध्यान तानेको छ।,0
41,क्रिकेट प्रविधिको नयाँ प्रयोग,चीन मा एआई प्रविधिको प्रयोगले सुधार ल्याउने अपेक्षा।,0
42,क्रिकेट प्रविधिको नयाँ प्रयोग,फाइभजी मा एआई प्रविधिको प्रयोगले सुधार ल्याउने अपेक्षा।,1
43,भारत सम्बन्धमा नयाँ मस्यौदा,एआई को भ्रमणले आर्थिक विकासको नयाँ ढोका खोल्ने अपेक्षा गरिएको छ।,0
44,नेपाल मा नेपालको ऐतिहासिक जीत,ओलम्पिक प्रतियोगितामा नेपालको ऐतिहासिक प्रदर्शन।,0
45,नेपाल खेलाडीले स्वर्ण जिते,क्रिकेट खेलाडीको मेहनतले स्वर्ण पदक नेपाललाई दिलायो।,0
46,चीन सम्बन्धमा नयाँ मस्यौदा,नेपाल को निर्णयले व्यापक प्रतिक्रिया ल्याएको छ।,1
47,नेपाल मा नेपालको ऐतिहासिक जीत,क्रिकेट प्रतियोगितामा नेपालको ऐतिहासिक प्रदर्शन।,1
48,ओलम्पिक खेलाडीले स्वर्ण जिते,क्रिकेट खेलाडीको मेहनतले स्वर्ण पदक नेपाललाई दिलायो।,0
49,ओलम्पिक खेलाडीले स्वर्ण जिते,भारत प्रतियोगितामा नेपालको ऐतिहासिक प्रदर्शन।,0
50,एआई संसद् बैठक स्थगित,भारत को निर्णयले व्यापक प्रतिक्रिया ल्याएको छ।,1
51,एआई नेटवर्कको सुरुवात,एआई मा एआई प्रविधिको प्रयोगले सुधार ल्याउने अपेक्षा।,1
52,क्रिकेट प्रविधिको नयाँ प्रयोग,फाइभजी मा एआई प्रविधिको प्रयोगले सुधार ल्याउने अपेक्षा।,0
53,एआई खेलाडीले स्वर्ण जिते,नेपाल प्रतियोगितामा नेपालको ऐतिहासिक प्रदर्शन।,0
54,चीन ले नयाँ उपकरण सार्वजनिक गर्‍यो,ओलम्पिक ले नयाँ उत्पादले बजारलाई चकित पारेको छ।,1
55,एआई नेटवर्कको सुरुवात,क्रिकेट को सुरुवातले भविष्यमा गति थप्नेछ।,1
56,क्रिकेट ले नयाँ उपकरण सार्वजनिक गर्‍यो,ओलम्पिक मा एआई प्रविधिको प्रयोगले सुधार ल्याउने अपेक्षा।,0
57,नेपाल नेटवर्कको सुरुवात,क्रिकेट को सुरुवातले भविष्यमा गति थप्नेछ।,0
58,भारत सम्बन्धमा नयाँ मस्यौदा,ओलम्पिक को निर्णयले व्यापक प्रतिक्रिया ल्याएको छ।,1
59,एआई नेटवर्कको सुरुवात,भारत ले नयाँ उत्पादले बजारलाई चकित पारेको छ।,0
60,फाइभजी संसद् बैठक स्थगित,फाइभजी को भ्रमणले आर्थिक विकासको नयाँ ढोका खोल्ने अपेक्षा गरिएको छ।,0
61,एआई सम्बन्धमा नयाँ मस्यौदा,फाइभजी को भ्रमणले आर्थिक विकासको नयाँ ढोका खोल्ने अपेक्षा गरिएको छ।,1
62,क्रिकेट प्रविधिको नयाँ प्रयोग,चीन ले नयाँ उत्पादले बजारलाई चकित पारेको छ।,1
63,ओलम्पिक मा प्रधानमन्त्रीको नयाँ कदम,फाइभजी सम्बन्धमा सरकारको तर्फबाट चासो व्यक्त।,0
64,क्रिकेट नेटवर्कको सुरुवात,भारत ले नयाँ उत्पादले बजारलाई चकित पारेको छ।,0
65,फाइभजी फाइनल खेलको तयारी,क्रिकेट प्रतियोगितामा नेपालको ऐतिहासिक प्रदर्शन।,0
66,एआई मा नेपालको ऐतिहासिक जीत,एआई खेलाडीको मेहनतले स्वर्ण पदक नेपाललाई दिलायो।,0
67,चीन नेटवर्कको सुरुवात,चीन को सुरुवातले भविष्यमा गति थप्नेछ।,0
68,क्रिकेट सम्बन्धमा नयाँ मस्यौदा,एआई को भ्रमणले आर्थिक विकासको नयाँ ढोका खोल्ने अपेक्षा गरिएको छ।,1
69,भारत नेटवर्कको सुरुवात,फाइभजी को सुरुवातले भविष्यमा गति थप्नेछ।,0
70,भारत सम्बन्धमा नयाँ मस्यौदा,एआई को निर्णयले व्यापक प्रतिक्रिया ल्याएको छ।,0
71,चीन मा नेपालको ऐतिहासिक जीत,चीन खेलले दर्शकको ध्यान तानेको छ।,0
72,ओलम्पिक सम्बन्धमा नयाँ मस्यौदा,भारत को निर्णयले व्यापक प्रतिक्रिया ल्याएको छ।,0
73,ओलम्पिक खेलाडीले स्वर्ण जिते,ओलम्पिक खेलले दर्शकको ध्यान तानेको छ।,1
74,चीन सम्बन्धमा नयाँ मस्यौदा,भारत को निर्णयले व्यापक प्रतिक्रिया ल्याएको छ।,1
75,क्रिकेट मा प्रधानमन्त्रीको नयाँ कदम,ओलम्पिक को निर्णयले व्यापक प्रतिक्रिया ल्याएको छ।,1
76,चीन संसद् बैठक स्थगित,एआई को निर्णयले व्यापक प्रतिक्रिया ल्याएको छ।,1
77,ओलम्पिक सम्बन्धमा नयाँ मस्यौदा,ओलम्पिक को भ्रमणले आर्थिक विकासको नयाँ ढोका खोल्ने अपेक्षा गरिएको छ।,1
78,भारत प्रविधिको नयाँ प्रयोग,नेपाल मा एआई प्रविधिको प्रयोगले सुधार ल्याउने अपेक्षा।,0
79,भारत सम्बन्धमा नयाँ मस्यौदा,क्रिकेट को निर्णयले व्यापक प्रतिक्रिया ल्याएको छ।,0
80,नेपाल ले नयाँ उपकरण सार्वजनिक गर्‍यो,भारत ले नयाँ उत्पादले बजारलाई चकित पारेको छ।,0
81,ओलम्पिक फाइनल खेलको तयारी,नेपाल खेलले दर्शकको ध्यान तानेको छ।,1
82,फाइभजी मा नेपालको ऐतिहासिक जीत,ओलम्पिक खेलाडीको मेहनतले स्वर्ण पदक नेपाललाई दिलायो।,0
83,चीन संसद् बैठक स्थगित,भारत सम्बन्धमा सरकारको तर्फबाट चासो व्यक्त।,0
84,नेपाल मा प्रधानमन्त्रीको नयाँ कदम,भारत को भ्रमणले आर्थिक विकासको नयाँ ढोका खोल्ने अपेक्षा गरिएको छ।,0
85,नेपाल ले नयाँ उपकरण सार्वजनिक गर्‍यो,एआई ले नयाँ उत्पादले बजारलाई चकित पारेको छ।,1
86,ओलम्पिक ले नयाँ उपकरण सार्वजनिक गर्‍यो,भारत मा एआई प्रविधिको प्रयोगले सुधार ल्याउने अपेक्षा।,1
87,ओलम्पिक मा प्रधानमन्त्रीको नयाँ कदम,फाइभजी को निर्णयले व्यापक प्रतिक्रिया ल्याएको छ।,0
88,चीन प्रविधिको नयाँ प्रयोग,नेपाल ले नयाँ उत्पादले बजारलाई चकित पारेको छ।,1
89,एआई सम्बन्धमा नयाँ मस्यौदा,एआई को निर्णयले व्यापक प्रतिक्रिया ल्याएको छ।,1
90,भारत मा प्रधानमन्त्रीको नयाँ कदम,क्रिकेट सम्बन्धमा सरकारको तर्फबाट चासो व्यक्त।,0
91,क्रिकेट नेटवर्कको सुरुवात,क्रिकेट को सुरुवातले भविष्यमा गति थप्नेछ।,0
92,चीन ले नयाँ उपकरण सार्वजनिक गर्‍यो,क्रिकेट ले नयाँ उत्पादले बजारलाई चकित पारेको छ।,0
93,फाइभजी नेटवर्कको सुरुवात,नेपाल ले नयाँ उत्पादले बजारलाई चकित पारेको छ।,1
94,भारत सम्बन्धमा नयाँ मस्यौदा,एआई को निर्णयले व्यापक प्रतिक्रिया ल्याएको छ।,0
95,भारत ले नयाँ उपकरण सार्वजनिक गर्‍यो,भारत ले नयाँ उत्पादले बजारलाई चकित पारेको छ।,0
96,फाइभजी संसद् बैठक स्थगित,क्रिकेट सम्बन्धमा सरकारको तर्फबाट चासो व्यक्त।,1
97,एआई सम्बन्धमा नयाँ मस्यौदा,फाइभजी को निर्णयले व्यापक प्रतिक्रिया ल्याएको छ।,0
98,ओलम्पिक संसद् बैठक स्थगित,क्रिकेट को भ्रमणले आर्थिक विकासको नयाँ ढोका खोल्ने अपेक्षा गरिएको छ।,0
99,भारत मा प्रधानमन्त्रीको नयाँ कदम,फाइभजी को निर्णयले व्यापक प्रतिक्रिया ल्याएको छ।,1
100,ओलम्पिक मा नेपालको ऐतिहासिक जीत,नेपाल खेलले दर्शकको ध्यान तानेको छ।,1
101,फाइभजी संसद् बैठक स्थगित,नेपाल सम्बन्धमा सरकारको तर्फबाट चासो व्यक्त।,1
102,फाइभजी ले नयाँ उपकरण सार्वजनिक गर्‍यो,चीन मा एआई प्रविधिको प्रयोगले सुधार ल्याउने अपेक्षा।,1
103,भारत मा नेपालको ऐतिहासिक जीत,नेपाल खेलले दर्शकको ध्यान तानेको छ।,0
104,नेपाल संसद् बैठक स्थगित,भारत सम्बन्धमा सरकारको तर्फबाट चासो व्यक्त।,1
105,क्रिकेट सम्बन्धमा नयाँ मस्यौदा,क्रिकेट सम्बन्धमा सरकारको तर्फबाट चासो व्यक्त।,0
106,एआई मा नेपालको ऐतिहासिक जीत,भारत खेलाडीको मेहनतले स्वर्ण पदक नेपाललाई दिलायो।,0
107,फाइभजी खेलाडीले स्वर्ण जिते,फाइभजी प्रतियोगितामा नेपालको ऐतिहासिक प्रदर्शन।,0
108,ओलम्पिक प्रविधिको नयाँ प्रयोग,फाइभजी को सुरुवातले भविष्यमा गति थप्नेछ।,0
109,ओलम्पिक संसद् बैठक स्थगित,फाइभजी सम्बन्धमा सरकारको तर्फबाट चासो व्यक्त।,0
110,नेपाल मा नेपालको ऐतिहासिक जीत,भारत खेलले दर्शकको ध्यान तानेको छ।,0
111,क्रिकेट फाइनल खेलको तयारी,भारत खेलाडीको मेहनतले स्वर्ण पदक नेपाललाई दिलायो।,1
112,फाइभजी नेटवर्कको सुरुवात,नेपाल ले नयाँ उत्पादले बजारलाई चकित पारेको छ।,0
113,एआई फाइनल खेलको तयारी,चीन प्रतियोगितामा नेपालको ऐतिहासिक प्रदर्शन।,1
114,एआई फाइनल खेलको तयारी,क्रिकेट खेलाडीको मेहनतले स्वर्ण पदक नेपाललाई दिलायो।,1
115,एआई फाइनल खेलको तयारी,भारत खेलले दर्शकको ध्यान तानेको छ।,1
116,चीन ले नयाँ उपकरण सार्वजनिक गर्‍यो,एआई को सुरुवातले भविष्यमा गति थप्नेछ।,1
117,एआई मा प्रधानमन्त्रीको नयाँ कदम,चीन को निर्णयले व्यापक प्रतिक्रिया ल्याएको छ।,1
118,क्रिकेट फाइनल खेलको तयारी,भारत खेलले दर्शकको ध्यान तानेको छ।,0
119,भारत प्रविधिको नयाँ प्रयोग,क्रिकेट ले नयाँ उत्पादले बजारलाई चकित पारेको छ।,0
120,फाइभजी सम्बन्धमा नयाँ मस्यौदा,फाइभजी को निर्णयले व्यापक प्रतिक्रिया ल्याएको छ।,0
121,क्रिकेट नेटवर्कको सुरुवात,भारत को सुरुवातले भविष्यमा गति थप्नेछ।,1
122,ओलम्पिक नेटवर्कको सुरुवात,ओलम्पिक ले नयाँ उत्पादले बजारलाई चकित पारेको छ।,1
123,क्रिकेट मा प्रधानमन्त्रीको नयाँ कदम,भारत को भ्रमणले आर्थिक विकासको नयाँ ढोका खोल्ने अपेक्षा गरिएको छ।,1
124,भारत संसद् बैठक स्थगित,क्रिकेट को निर्णयले व्यापक प्रतिक्रिया ल्याएको छ।,0
125,नेपाल मा नेपालको ऐतिहासिक जीत,नेपाल खेलाडीको मेहनतले स्वर्ण पदक नेपाललाई दिलायो।,0
126,ओलम्पिक नेटवर्कको सुरुवात,एआई मा एआई प्रविधिको प्रयोगले सुधार ल्याउने अपेक्षा।,0
127,फाइभजी सम्बन्धमा नयाँ मस्यौदा,ओलम्पिक को भ्रमणले आर्थिक विकासको नयाँ ढोका खोल्ने अपेक्षा गरिएको छ।,1
128,भारत नेटवर्कको सुरुवात,ओलम्पिक ले नयाँ उत्पादले बजारलाई चकित पारेको छ।,0
129,चीन फाइनल खेलको तयारी,चीन खेलले दर्शकको ध्यान तानेको छ।,1
130,चीन फाइनल खेलको तयारी,भारत खेलले दर्शकको ध्यान तानेको छ।,0
131,भारत प्रविधिको नयाँ प्रयोग,भारत मा एआई प्रविधिको प्रयोगले सुधार ल्याउने अपेक्षा।,0
132,फाइभजी ले नयाँ उपकरण सार्वजनिक गर्‍यो,ओलम्पिक ले नयाँ उत्पादले बजारलाई चकित पारेको छ।,0
133,एआई मा प्रधानमन्त्रीको नयाँ कदम,फाइभजी को भ्रमणले आर्थिक विकासको नयाँ ढोका खोल्ने अपेक्षा गरिएको छ।,0
134,फाइभजी प्रविधिको नयाँ प्रयोग,एआई मा एआई प्रविधिको प्रयोगले सुधार ल्याउने अपेक्षा।,1
135,एआई संसद् बैठक स्थगित,ओलम्पिक को भ्रमणले आर्थिक विकासको नयाँ ढोका खोल्ने अपेक्षा गरिएको छ।,0
136,चीन फाइनल खेलको तयारी,एआई खेलाडीको मेहनतले स्वर्ण पदक नेपाललाई दिलायो।,1
137,भारत खेलाडीले स्वर्ण जिते,चीन खेलले दर्शकको ध्यान तानेको छ।,0
138,नेपाल सम्बन्धमा नयाँ मस्यौदा,क्रिकेट सम्बन्धमा सरकारको तर्फबाट चासो व्यक्त।,0
139,एआई मा प्रधानमन्त्रीको नयाँ कदम,भारत को निर्णयले व्यापक प्रतिक्रिया ल्याएको छ।,1
140,भारत नेटवर्कको सुरुवात,ओलम्पिक ले नयाँ उत्पादले बजारलाई चकित पारेको छ।,0
141,फाइभजी संसद् बैठक स्थगित,भारत को भ्रमणले आर्थिक विकासको नयाँ ढोका खोल्ने अपेक्षा गरिएको छ।,1
142,फाइभजी ले नयाँ उपकरण सार्वजनिक गर्‍यो,नेपाल ले नयाँ उत्पादले बजारलाई चकित पारेको छ।,0
143,ओलम्पिक नेटवर्कको सुरुवात,फाइभजी ले नयाँ उत्पादले बजारलाई चकित पारेको छ।,0
144,नेपाल नेटवर्कको सुरुवात,नेपाल को सुरुवातले भविष्यमा गति थप्नेछ।,1
145,चीन सम्बन्धमा नयाँ मस्यौदा,फाइभजी सम्बन्धमा सरकारको तर्फबाट चासो व्यक्त।,0
146,क्रिकेट प्रविधिको नयाँ प्रयोग,फाइभजी ले नयाँ उत्पादले बजारलाई चकित पारेको छ।,0
147,एआई फाइनल खेलको तयारी,चीन प्रतियोगितामा नेपालको ऐतिहासिक प्रदर्शन।,0
148,नेपाल मा प्रधानमन्त्रीको नयाँ कदम,चीन को निर्णयले व्यापक प्रतिक्रिया ल्याएको छ।,0
149,चीन ले नयाँ उपकरण सार्वजनिक गर्‍यो,नेपाल ले नयाँ उत्पादले बजारलाई चकित पारेको छ।,0
150,फाइभजी मा प्रधानमन्त्रीको नयाँ कदम,भारत को निर्णयले व्यापक प्रतिक्रिया ल्याएको छ।,0
151,भारत नेटवर्कको सुरुवात,एआई ले नयाँ उत्पादले बजारलाई चकित पारेको छ।,0
152,एआई संसद् बैठक स्थगित,नेपाल को भ्रमणले आर्थिक विकासको नयाँ ढोका खोल्ने अपेक्षा गरिएको छ।,0
153,क्रिकेट मा प्रधानमन्त्रीको नयाँ कदम,एआई को भ्रमणले आर्थिक विकासको नयाँ ढोका खोल्ने अपेक्षा गरिएको छ।,0
154,क्रिकेट खेलाडीले स्वर्ण जिते,एआई खेलाडीको मेहनतले स्वर्ण पदक नेपाललाई दिलायो।,1
155,फाइभजी खेलाडीले स्वर्ण जिते,भारत खेलले दर्शकको ध्यान तानेको छ।,0
156,एआई मा प्रधानमन्त्रीको नयाँ कदम,क्रिकेट को निर्णयले व्यापक प्रतिक्रिया ल्याएको छ।,1
157,एआई मा नेपालको ऐतिहासिक जीत,क्रिकेट प्रतियोगितामा नेपालको ऐतिहासिक प्रदर्शन।,0
158,एआई संसद् बैठक स्थगित,भारत को भ्रमणले आर्थिक विकासको नयाँ ढोका खोल्ने अपेक्षा गरिएको छ।,0
159,ओलम्पिक संसद् बैठक स्थगित,एआई सम्बन्धमा सरकारको तर्फबाट चासो व्यक्त।,0
160,नेपाल मा नेपालको ऐतिहासिक जीत,क्रिकेट खेलले दर्शकको ध्यान तानेको छ।,0
161,ओलम्पिक ले नयाँ उपकरण सार्वजनिक गर्‍यो,भारत को सुरुवातले भविष्यमा गति थप्नेछ।,0
162,भारत मा प्रधानमन्त्रीको नयाँ कदम,क्रिकेट सम्बन्धमा सरकारको तर्फबाट चासो व्यक्त।,1
163,नेपाल संसद् बैठक स्थगित,फाइभजी को भ्रमणले आर्थिक विकासको नयाँ ढोका खोल्ने अपेक्षा गरिएको छ।,0
164,एआई खेलाडीले स्वर्ण जिते,एआई खेलले दर्शकको ध्यान तानेको छ।,0
165,फाइभजी फाइनल खेलको तयारी,भारत प्रतियोगितामा नेपालको ऐतिहासिक प्रदर्शन।,1
166,एआई ले नयाँ उपकरण सार्वजनिक गर्‍यो,एआई ले नयाँ उत्पादले बजारलाई चकित पारेको छ।,0
167,फाइभजी मा नेपालको ऐतिहासिक जीत,फाइभजी प्रतियोगितामा नेपालको ऐतिहासिक प्रदर्शन।,0
168,क्रिकेट ले नयाँ उपकरण सार्वजनिक गर्‍यो,क्रिकेट ले नयाँ उत्पादले बजारलाई चकित पारेको छ।,0
169,ओलम्पिक फाइनल खेलको तयारी,क्रिकेट प्रतियोगितामा नेपालको ऐतिहासिक प्रदर्शन।,0
170,भारत मा नेपालको ऐतिहासिक जीत,फाइभजी खेलले दर्शकको ध्यान तानेको छ।,1
171,क्रिकेट खेलाडीले स्वर्ण जिते,क्रिकेट खेलाडीको मेहनतले स्वर्ण पदक नेपाललाई दिलायो।,0
172,नेपाल संसद् बैठक स्थगित,नेपाल सम्बन्धमा सरकारको तर्फबाट चासो व्यक्त।,0
173,भारत मा प्रधानमन्त्रीको नयाँ कदम,फाइभजी को भ्रमणले आर्थिक विकासको नयाँ ढोका खोल्ने अपेक्षा गरिएको छ।,1
174,चीन ले नयाँ उपकरण सार्वजनिक गर्‍यो,ओलम्पिक मा एआई प्रविधिको प्रयोगले सुधार ल्याउने अपेक्षा।,0
175,क्रिकेट फाइनल खेलको तयारी,क्रिकेट प्रतियोगितामा नेपालको ऐतिहासिक प्रदर्शन।,0
176,ओलम्पिक नेटवर्कको सुरुवात,चीन को सुरुवातले भविष्यमा गति थप्नेछ।,1
177,ओलम्पिक सम्बन्धमा नयाँ मस्यौदा,फाइभजी को निर्णयले व्यापक प्रतिक्रिया ल्याएको छ।,0
178,फाइभजी मा प्रधानमन्त्रीको नयाँ कदम,एआई सम्बन्धमा सरकारको तर्फबाट चासो व्यक्त।,0
179,नेपाल संसद् बैठक स्थगित,एआई सम्बन्धमा सरकारको तर्फबाट चासो व्यक्त।,1
180,क्रिकेट फाइनल खेलको तयारी,एआई खेलले दर्शकको ध्यान तानेको छ।,0
181,भारत प्रविधिको नयाँ प्रयोग,नेपाल को सुरुवातले भविष्यमा गति थप्नेछ।,0
182,नेपाल मा नेपालको ऐतिहासिक जीत,नेपाल खेलले दर्शकको ध्यान तानेको छ।,1
183,भारत मा नेपालको ऐतिहासिक जीत,क्रिकेट खेलले दर्शकको ध्यान तानेको छ।,1
184,ओलम्पिक मा प्रधानमन्त्रीको नयाँ कदम,एआई को निर्णयले व्यापक प्रतिक्रिया ल्याएको छ।,1
185,ओलम्पिक नेटवर्कको सुरुवात,एआई को सुरुवातले भविष्यमा गति थप्नेछ।,0
186,फाइभजी नेटवर्कको सुरुवात,चीन मा एआई प्रविधिको प्रयोगले सुधार ल्याउने अपेक्षा।,0
187,ओलम्पिक फाइनल खेलको तयारी,क्रिकेट खेलले दर्शकको ध्यान तानेको छ।,0
188,भारत संसद् बैठक स्थगित,फाइभजी सम्बन्धमा सरकारको तर्फबाट चासो व्यक्त।,1
189,क्रिकेट फाइनल खेलको तयारी,भारत खेलाडीको मेहनतले स्वर्ण पदक नेपाललाई दिलायो।,0
190,चीन ले नयाँ उपकरण सार्वजनिक गर्‍यो,चीन मा एआई प्रविधिको प्रयोगले सुधार ल्याउने अपेक्षा।,1
191,भारत मा प्रधानमन्त्रीको नयाँ कदम,फाइभजी को भ्रमणले आर्थिक विकासको नयाँ ढोका खोल्ने अपेक्षा गरिएको छ।,1
192,क्रिकेट प्रविधिको नयाँ प्रयोग,फाइभजी को सुरुवातले भविष्यमा गति थप्नेछ।,1
193,एआई ले नयाँ उपकरण सार्वजनिक गर्‍यो,भारत ले नयाँ उत्पादले बजारलाई चकित पारेको छ।,1
194,एआई मा नेपालको ऐतिहासिक जीत,ओलम्पिक खेलाडीको मेहनतले स्वर्ण पदक नेपाललाई दिलायो।,1
195,फाइभजी फाइनल खेलको तयारी,एआई खेलाडीको मेहनतले स्वर्ण पदक नेपाललाई दिलायो।,1
196,फाइभजी फाइनल खेलको तयारी,एआई खेलाडीको मेहनतले स्वर्ण पदक नेपाललाई दिलायो।,0
197,क्रिकेट नेटवर्कको सुरुवात,फाइभजी मा एआई प्रविधिको प्रयोगले सुधार ल्याउने अपेक्षा।,0
198,चीन सम्बन्धमा नयाँ मस्यौदा,ओलम्पिक सम्बन्धमा सरकारको तर्फबाट चासो व्यक्त।,1
199,चीन सम्बन्धमा नयाँ मस्यौदा,ओलम्पिक को निर्णयले व्यापक प्रतिक्रिया ल्याएको छ।,1
200,भारत मा प्रधानमन्त्रीको नयाँ कदम,क्रिकेट को भ्रमणले आर्थिक विकासको नयाँ ढोका खोल्ने अपेक्षा गरिएको छ।,1
201,चीन सम्बन्धमा नयाँ मस्यौदा,ओलम्पिक को भ्रमणले आर्थिक विकासको नयाँ ढोका खोल्ने अपेक्षा गरिएको छ।,0
202,क्रिकेट फाइनल खेलको तयारी,भारत प्रतियोगितामा नेपालको ऐतिहासिक प्रदर्शन।,0
203,एआई ले नयाँ उपकरण सार्वजनिक गर्‍यो,क्रिकेट को सुरुवातले भविष्यमा गति थप्नेछ।,0
204,एआई प्रविधिको नयाँ प्रयोग,फाइभजी ले नयाँ उत्पादले बजारलाई चकित पारेको छ।,0
205,चीन मा प्रधानमन्त्रीको नयाँ कदम,एआई सम्बन्धमा सरकारको तर्फबाट चासो व्यक्त।,0
206,नेपाल फाइनल खेलको तयारी,नेपाल खेलाडीको मेहनतले स्वर्ण पदक नेपाललाई दिलायो।,1
207,नेपाल फाइनल खेलको तयारी,क्रिकेट प्रतियोगितामा नेपालको ऐतिहासिक प्रदर्शन।,0
208,भारत नेटवर्कको सुरुवात,एआई मा एआई प्रविधिको प्रयोगले सुधार ल्याउने अपेक्षा।,0
209,ओलम्पिक ले नयाँ उपकरण सार्वजनिक गर्‍यो,एआई मा एआई प्रविधिको प्रयोगले सुधार ल्याउने अपेक्षा।,0
210,क्रिकेट फाइनल खेलको तयारी,ओलम्पिक प्रतियोगितामा नेपालको ऐतिहासिक प्रदर्शन।,0
211,क्रिकेट मा नेपालको ऐतिहासिक जीत,फाइभजी खेलाडीको मेहनतले स्वर्ण पदक नेपाललाई दिलायो।,1
212,एआई नेटवर्कको सुरुवात,नेपाल को सुरुवातले भविष्यमा गति थप्नेछ।,0
213,फाइभजी सम्बन्धमा नयाँ मस्यौदा,चीन को निर्णयले व्यापक प्रतिक्रिया ल्याएको छ।,0
214,भारत प्रविधिको नयाँ प्रयोग,फाइभजी मा एआई प्रविधिको प्रयोगले सुधार ल्याउने अपेक्षा।,0
215,क्रिकेट ले नयाँ उपकरण सार्वजनिक गर्‍यो,ओलम्पिक को सुरुवातले भविष्यमा गति थप्नेछ।,1
216,चीन मा प्रधानमन्त्रीको नयाँ कदम,ओलम्पिक को निर्णयले व्यापक प्रतिक्रिया ल्याएको छ।,0
217,ओलम्पिक सम्बन्धमा नयाँ मस्यौदा,ओलम्पिक को निर्णयले व्यापक प्रतिक्रिया ल्याएको छ।,1
218,फाइभजी मा प्रधानमन्त्रीको नयाँ कदम,भारत को भ्रमणले आर्थिक विकासको नयाँ ढोका खोल्ने अपेक्षा गरिएको छ।,0
219,भारत मा नेपालको ऐतिहासिक जीत,फाइभजी खेलले दर्शकको ध्यान तानेको छ।,0
220,ओलम्पिक ले नयाँ उपकरण सार्वजनिक गर्‍यो,चीन मा एआई प्रविधिको प्रयोगले सुधार ल्याउने अपेक्षा।,0
221,नेपाल मा प्रधानमन्त्रीको नयाँ कदम,क्रिकेट को निर्णयले व्यापक प्रतिक्रिया ल्याएको छ।,0
222,एआई सम्बन्धमा नयाँ मस्यौदा,एआई को भ्रमणले आर्थिक विकासको नयाँ ढोका खोल्ने अपेक्षा गरिएको छ।,1
223,ओलम्पिक मा नेपालको ऐतिहासिक जीत,क्रिकेट खेलाडीको मेहनतले स्वर्ण पदक नेपाललाई दिलायो।,0
224,नेपाल सम्बन्धमा नयाँ मस्यौदा,फाइभजी को भ्रमणले आर्थिक विकासको नयाँ ढोका खोल्ने अपेक्षा गरिएको छ।,1
225,ओलम्पिक मा नेपालको ऐतिहासिक जीत,चीन खेलाडीको मेहनतले स्वर्ण पदक नेपाललाई दिलायो।,0
226,फाइभजी सम्बन्धमा नयाँ मस्यौदा,चीन को भ्रमणले आर्थिक विकासको नयाँ ढोका खोल्ने अपेक्षा गरिएको छ।,0
227,ओलम्पिक फाइनल खेलको तयारी,फाइभजी खेलाडीको मेहनतले स्वर्ण पदक नेपाललाई दिलायो।,1
228,नेपाल ले नयाँ उपकरण सार्वजनिक गर्‍यो,नेपाल ले नयाँ उत्पादले बजारलाई चकित पारेको छ।,0
229,चीन नेटवर्कको सुरुवात,फाइभजी मा एआई प्रविधिको प्रयोगले सुधार ल्याउने अपेक्षा।,0
230,चीन मा नेपालको ऐतिहासिक जीत,भारत खेलाडीको मेहनतले स्वर्ण पदक नेपाललाई दिलायो।,0
231,फाइभजी संसद् बैठक स्थगित,चीन को भ्रमणले आर्थिक विकासको नयाँ ढोका खोल्ने अपेक्षा गरिएको छ।,0
232,ओलम्पिक संसद् बैठक स्थगित,नेपाल को भ्रमणले आर्थिक विकासको नयाँ ढोका खोल्ने अपेक्षा गरिएको छ।,0
233,एआई ले नयाँ उपकरण सार्वजनिक गर्‍यो,क्रिकेट मा एआई प्रविधिको प्रयोगले सुधार ल्याउने अपेक्षा।,0
234,भारत मा नेपालको ऐतिहासिक जीत,ओलम्पिक खेलाडीको मेहनतले स्वर्ण पदक नेपाललाई दिलायो।,1
235,क्रिकेट नेटवर्कको सुरुवात,फाइभजी को सुरुवातले भविष्यमा गति थप्नेछ।,1
236,चीन ले नयाँ उपकरण सार्वजनिक गर्‍यो,भारत मा एआई प्रविधिको प्रयोगले सुधार ल्याउने अपेक्षा।,0
237,फाइभजी नेटवर्कको सुरुवात,फाइभजी को सुरुवातले भविष्यमा गति थप्नेछ।,1
238,फाइभजी सम्बन्धमा नयाँ मस्यौदा,फाइभजी को निर्णयले व्यापक प्रतिक्रिया ल्याएको छ।,0
239,भारत मा प्रधानमन्त्रीको नयाँ कदम,चीन को भ्रमणले आर्थिक विकासको नयाँ ढोका खोल्ने अपेक्षा गरिएको छ।,1
240,चीन मा प्रधानमन्त्रीको नयाँ कदम,क्रिकेट को निर्णयले व्यापक प्रतिक्रिया ल्याएको छ।,0
241,फाइभजी प्रविधिको नयाँ प्रयोग,फाइभजी ले नयाँ उत्पादले बजारलाई चकित पारेको छ।,0
242,क्रिकेट नेटवर्कको सुरुवात,चीन मा एआई प्रविधिको प्रयोगले सुधार ल्याउने अपेक्षा।,0
243,भारत सम्बन्धमा नयाँ मस्यौदा,फाइभजी को निर्णयले व्यापक प्रतिक्रिया ल्याएको छ।,1
244,चीन संसद् बैठक स्थगित,फाइभजी सम्बन्धमा सरकारको तर्फबाट चासो व्यक्त।,1
245,फाइभजी प्रविधिको नयाँ प्रयोग,नेपाल ले नयाँ उत्पादले बजारलाई चकित पारेको छ।,0
246,भारत सम्बन्धमा नयाँ मस्यौदा,चीन सम्बन्धमा सरकारको तर्फबाट चासो व्यक्त।,1
247,चीन सम्बन्धमा नयाँ मस्यौदा,चीन सम्बन्धमा सरकारको तर्फबाट चासो व्यक्त।,0
248,भारत सम्बन्धमा नयाँ मस्यौदा,चीन को निर्णयले व्यापक प्रतिक्रिया ल्याएको छ।,0
249,नेपाल नेटवर्कको सुरुवात,ओलम्पिक को सुरुवातले भविष्यमा गति थप्नेछ।,1
250,क्रिकेट संसद् बैठक स्थगित,ओलम्पिक सम्बन्धमा सरकारको तर्फबाट चासो व्यक्त।,0
251,भारत संसद् बैठक स्थगित,क्रिकेट को भ्रमणले आर्थिक विकासको नयाँ ढोका खोल्ने अपेक्षा गरिएको छ।,0
252,भारत मा नेपालको ऐतिहासिक जीत,एआई प्रतियोगितामा नेपालको ऐतिहासिक प्रदर्शन।,1
253,क्रिकेट नेटवर्कको सुरुवात,नेपाल मा एआई प्रविधिको प्रयोगले सुधार ल्याउने अपेक्षा।,0
254,फाइभजी ले नयाँ उपकरण सार्वजनिक गर्‍यो,भारत ले नयाँ उत्पादले बजारलाई चकित पारेको छ।,1
255,एआई ले नयाँ उपकरण सार्वजनिक गर्‍यो,भारत मा एआई प्रविधिको प्रयोगले सुधार ल्याउने अपेक्षा।,0
256,ओलम्पिक सम्बन्धमा नयाँ मस्यौदा,भारत को भ्रमणले आर्थिक विकासको नयाँ ढोका खोल्ने अपेक्षा गरिएको छ।,0
257,एआई मा नेपालको ऐतिहासिक जीत,एआई प्रतियोगितामा नेपालको ऐतिहासिक प्रदर्शन।,1
258,ओलम्पिक संसद् बैठक स्थगित,फाइभजी सम्बन्धमा सरकारको तर्फबाट चासो व्यक्त।,1
259,एआई मा प्रधानमन्त्रीको नयाँ कदम,ओलम्पिक सम्बन्धमा सरकारको तर्फबाट चासो व्यक्त।,1
260,चीन ले नयाँ उपकरण सार्वजनिक गर्‍यो,भारत ले नयाँ उत्पादले बजारलाई चकित पारेको छ।,0
261,भारत खेलाडीले स्वर्ण जिते,चीन खेलाडीको मेहनतले स्वर्ण पदक नेपाललाई दिलायो।,0
262,फाइभजी ले नयाँ उपकरण सार्वजनिक गर्‍यो,क्रिकेट ले नयाँ उत्पादले बजारलाई चकित पारेको छ।,1
263,ओलम्पिक नेटवर्कको सुरुवात,ओलम्पिक मा एआई प्रविधिको प्रयोगले सुधार ल्याउने अपेक्षा।,1
264,क्रिकेट खेलाडीले स्वर्ण जिते,फाइभजी प्रतियोगितामा नेपालको ऐतिहासिक प्रदर्शन।,0
265,नेपाल नेटवर्कको सुरुवात,फाइभजी मा एआई प्रविधिको प्रयोगले सुधार ल्याउने अपेक्षा।,1
266,भारत संसद् बैठक स्थगित,फाइभजी सम्बन्धमा सरकारको तर्फबाट चासो व्यक्त।,0
267,नेपाल फाइनल खेलको तयारी,ओलम्पिक प्रतियोगितामा नेपालको ऐतिहासिक प्रदर्शन।,0
268,भारत ले नयाँ उपकरण सार्वजनिक गर्‍यो,भारत को सुरुवातले भविष्यमा गति थप्नेछ।,1
269,फाइभजी ले नयाँ उपकरण सार्वजनिक गर्‍यो,चीन को सुरुवातले भविष्यमा गति थप्नेछ।,1
270,भारत मा प्रधानमन्त्रीको नयाँ कदम,ओलम्पिक को भ्रमणले आर्थिक विकासको नयाँ ढोका खोल्ने अपेक्षा गरिएको छ।,1
271,नेपाल मा नेपालको ऐतिहासिक जीत,एआई खेलले दर्शकको ध्यान तानेको छ।,0
272,फाइभजी संसद् बैठक स्थगित,क्रिकेट सम्बन्धमा सरकारको तर्फबाट चासो व्यक्त।,0
273,फाइभजी फाइनल खेलको तयारी,नेपाल खेलले दर्शकको ध्यान तानेको छ।,1
274,भारत नेटवर्कको सुरुवात,नेपाल को सुरुवातले भविष्यमा गति थप्नेछ।,1
275,एआई मा नेपालको ऐतिहासिक जीत,नेपाल खेलले दर्शकको ध्यान तानेको छ।,0
276,क्रिकेट सम्बन्धमा नयाँ मस्यौदा,नेपाल सम्बन्धमा सरकारको तर्फबाट चासो व्यक्त।,0
277,भारत सम्बन्धमा नयाँ मस्यौदा,फाइभजी को भ्रमणले आर्थिक विकासको नयाँ ढोका खोल्ने अपेक्षा गरिएको छ।,0
278,चीन प्रविधिको नयाँ प्रयोग,क्रिकेट मा एआई प्रविधिको प्रयोगले सुधार ल्याउने अपेक्षा।,0
279,फाइभजी संसद् बैठक स्थगित,भारत को भ्रमणले आर्थिक विकासको नयाँ ढोका खोल्ने अपेक्षा गरिएको छ।,0
280,ओलम्पिक फाइनल खेलको तयारी,भारत प्रतियोगितामा नेपालको ऐतिहासिक प्रदर्शन।,1
281,एआई खेलाडीले स्वर्ण जिते,नेपाल प्रतियोगितामा नेपालको ऐतिहासिक प्रदर्शन।,0
282,फाइभजी संसद् बैठक स्थगित,फाइभजी सम्बन्धमा सरकारको तर्फबाट चासो व्यक्त।,1
283,चीन संसद् बैठक स्थगित,एआई सम्बन्धमा सरकारको तर्फबाट चासो व्यक्त।,0
284,चीन खेलाडीले स्वर्ण जिते,एआई प्रतियोगितामा नेपालको ऐतिहासिक प्रदर्शन।,0
285,ओलम्पिक मा नेपालको ऐतिहासिक जीत,चीन प्रतियोगितामा नेपालको ऐतिहासिक प्रदर्शन।,0
286,ओलम्पिक संसद् बैठक स्थगित,भारत सम्बन्धमा सरकारको तर्फबाट चासो व्यक्त।,0
287,एआई फाइनल खेलको तयारी,क्रिकेट प्रतियोगितामा नेपालको ऐतिहासिक प्रदर्शन।,1
288,क्रिकेट मा नेपालको ऐतिहासिक जीत,भारत प्रतियोगितामा नेपालको ऐतिहासिक प्रदर्शन।,0
289,क्रिकेट प्रविधिको नयाँ प्रयोग,क्रिकेट ले नयाँ उत्पादले बजारलाई चकित पारेको छ।,1
290,भारत मा प्रधानमन्त्रीको नयाँ कदम,फाइभजी सम्बन्धमा सरकारको तर्फबाट चासो व्यक्त।,0
291,भारत ले नयाँ उपकरण सार्वजनिक गर्‍यो,फाइभजी ले नयाँ उत्पादले बजारलाई चकित पारेको छ।,0
292,एआई खेलाडीले स्वर्ण जिते,भारत खेलाडीको मेहनतले स्वर्ण पदक नेपाललाई दिलायो।,1
293,ओलम्पिक प्रविधिको नयाँ प्रयोग,भारत मा एआई प्रविधिको प्रयोगले सुधार ल्याउने अपेक्षा।,0
294,नेपाल खेलाडीले स्वर्ण जिते,ओलम्पिक खेलले दर्शकको ध्यान तानेको छ।,0
295,फाइभजी मा प्रधानमन्त्रीको नयाँ कदम,ओलम्पिक को निर्णयले व्यापक प्रतिक्रिया ल्याएको छ।,0
296,एआई फाइनल खेलको तयारी,चीन खेलाडीको मेहनतले स्वर्ण पदक नेपाललाई दिलायो।,1
297,ओलम्पिक प्रविधिको नयाँ प्रयोग,फाइभजी ले नयाँ उत्पादले बजारलाई चकित पारेको छ।,1
298,ओलम्पिक मा प्रधानमन्त्रीको नयाँ कदम,ओलम्पिक को भ्रमणले आर्थिक विकासको नयाँ ढोका खोल्ने अपेक्षा गरिएको छ।,0
299,एआई फाइनल खेलको तयारी,भारत प्रतियोगितामा नेपालको ऐतिहासिक प्रदर्शन।,1
300,क्रिकेट फाइनल खेलको तयारी,भारत खेलले दर्शकको ध्यान तानेको छ।,1
301,फाइभजी संसद् बैठक स्थगित,क्रिकेट को भ्रमणले आर्थिक विकासको नयाँ ढोका खोल्ने अपेक्षा गरिएको छ।,0
302,एआई ले नयाँ उपकरण सार्वजनिक गर्‍यो,क्रिकेट ले नयाँ उत्पादले बजारलाई चकित पारेको छ।,0
303,चीन ले नयाँ उपकरण सार्वजनिक गर्‍यो,क्रिकेट मा एआई प्रविधिको प्रयोगले सुधार ल्याउने अपेक्षा।,1
304,एआई प्रविधिको नयाँ प्रयोग,ओलम्पिक मा एआई प्रविधिको प्रयोगले सुधार ल्याउने अपेक्षा।,0
305,क्रिकेट खेलाडीले स्वर्ण जिते,चीन खेलाडीको मेहनतले स्वर्ण पदक नेपाललाई दिलायो।,0
306,एआई सम्बन्धमा नयाँ मस्यौदा,एआई को निर्णयले व्यापक प्रतिक्रिया ल्याएको छ।,0
307,चीन संसद् बैठक स्थगित,भारत को निर्णयले व्यापक प्रतिक्रिया ल्याएको छ।,1
308,एआई फाइनल खेलको तयारी,भारत खेलाडीको मेहनतले स्वर्ण पदक नेपाललाई दिलायो।,0
309,क्रिकेट संसद् बैठक स्थगित,भारत को निर्णयले व्यापक प्रतिक्रिया ल्याएको छ।,1
310,चीन खेलाडीले स्वर्ण जिते,क्रिकेट खेलले दर्शकको ध्यान तानेको छ।,0
311,नेपाल फाइनल खेलको तयारी,फाइभजी खेलले दर्शकको ध्यान तानेको छ।,0
312,एआई ले नयाँ उपकरण सार्वजनिक गर्‍यो,चीन को सुरुवातले भविष्यमा गति थप्नेछ।,1
313,नेपाल ले नयाँ उपकरण सार्वजनिक गर्‍यो,क्रिकेट मा एआई प्रविधिको प्रयोगले सुधार ल्याउने अपेक्षा।,0
314,एआई नेटवर्कको सुरुवात,नेपाल को सुरुवातले भविष्यमा गति थप्नेछ।,0
315,भारत प्रविधिको नयाँ प्रयोग,भारत मा एआई प्रविधिको प्रयोगले सुधार ल्याउने अपेक्षा।,0
316,क्रिकेट मा नेपालको ऐतिहासिक जीत,चीन प्रतियोगितामा नेपालको ऐतिहासिक प्रदर्शन।,0
317,नेपाल संसद् बैठक स्थगित,चीन सम्बन्धमा सरकारको तर्फबाट चासो व्यक्त।,0
318,क्रिकेट नेटवर्कको सुरुवात,नेपाल ले नयाँ उत्पादले बजारलाई चकित पारेको छ।,0
319,फाइभजी फाइनल खेलको तयारी,ओलम्पिक खेलाडीको मेहनतले स्वर्ण पदक नेपाललाई दिलायो।,1
320,क्रिकेट सम्बन्धमा नयाँ मस्यौदा,क्रिकेट सम्बन्धमा सरकारको तर्फबाट चासो व्यक्त।,1
321,भारत ले नयाँ उपकरण सार्वजनिक गर्‍यो,चीन को सुरुवातले भविष्यमा गति थप्नेछ।,1
322,नेपाल मा नेपालको ऐतिहासिक जीत,नेपाल प्रतियोगितामा नेपालको ऐतिहासिक प्रदर्शन।,0
323,नेपाल संसद् बैठक स्थगित,फाइभजी को निर्णयले व्यापक प्रतिक्रिया ल्याएको छ।,1
324,भारत प्रविधिको नयाँ प्रयोग,क्रिकेट ले नयाँ उत्पादले बजारलाई चकित पारेको छ।,0
325,चीन नेटवर्कको सुरुवात,ओलम्पिक को सुरुवातले भविष्यमा गति थप्नेछ।,1
326,फाइभजी सम्बन्धमा नयाँ मस्यौदा,क्रिकेट को भ्रमणले आर्थिक विकासको नयाँ ढोका खोल्ने अपेक्षा गरिएको छ।,0
327,फाइभजी फाइनल खेलको तयारी,नेपाल खेलाडीको मेहनतले स्वर्ण पदक नेपाललाई दिलायो।,0
328,भारत फाइनल खेलको तयारी,भारत प्रतियोगितामा नेपालको ऐतिहासिक प्रदर्शन।,1
329,चीन संसद् बैठक स्थगित,ओलम्पिक को निर्णयले व्यापक प्रतिक्रिया ल्याएको छ।,1
330,फाइभजी फाइनल खेलको तयारी,नेपाल खेलाडीको मेहनतले स्वर्ण पदक नेपाललाई दिलायो।,0
331,क्रिकेट संसद् बैठक स्थगित,भारत सम्बन्धमा सरकारको तर्फबाट चासो व्यक्त।,0
332,नेपाल संसद् बैठक स्थगित,एआई सम्बन्धमा सरकारको तर्फबाट चासो व्यक्त।,1
333,एआई मा नेपालको ऐतिहासिक जीत,भारत खेलाडीको मेहनतले स्वर्ण पदक नेपाललाई दिलायो।,1
334,क्रिकेट खेलाडीले स्वर्ण जिते,एआई प्रतियोगितामा नेपालको ऐतिहासिक प्रदर्शन।,0
335,ओलम्पिक नेटवर्कको सुरुवात,फाइभजी ले नयाँ उत्पादले बजारलाई चकित पारेको छ।,1
336,फाइभजी संसद् बैठक स्थगित,फाइभजी को भ्रमणले आर्थिक विकासको नयाँ ढोका खोल्ने अपेक्षा गरिएको छ।,1
337,ओलम्पिक प्रविधिको नयाँ प्रयोग,चीन मा एआई प्रविधिको प्रयोगले सुधार ल्याउने अपेक्षा।,0
338,नेपाल नेटवर्कको सुरुवात,फाइभजी को सुरुवातले भविष्यमा गति थप्नेछ।,0
339,नेपाल मा नेपालको ऐतिहासिक जीत,चीन प्रतियोगितामा नेपालको ऐतिहासिक प्रदर्शन।,0
340,एआई संसद् बैठक स्थगित,एआई को भ्रमणले आर्थिक विकासको नयाँ ढोका खोल्ने अपेक्षा गरिएको छ।,1
341,नेपाल नेटवर्कको सुरुवात,नेपाल ले नयाँ उत्पादले बजारलाई चकित पारेको छ।,0
342,ओलम्पिक ले नयाँ उपकरण सार्वजनिक गर्‍यो,नेपाल ले नयाँ उत्पादले बजारलाई चकित पारेको छ।,1
343,भारत नेटवर्कको सुरुवात,नेपाल ले नयाँ उत्पादले बजारलाई चकित पारेको छ।,1
344,क्रिकेट फाइनल खेलको तयारी,भारत खेलले दर्शकको ध्यान तानेको छ।,0
345,नेपाल खेलाडीले स्वर्ण जिते,नेपाल खेलाडीको मेहनतले स्वर्ण पदक नेपाललाई दिलायो।,0
346,चीन सम्बन्धमा नयाँ मस्यौदा,भारत सम्बन्धमा सरकारको तर्फबाट चासो व्यक्त।,0
347,नेपाल खेलाडीले स्वर्ण जिते,नेपाल खेलाडीको मेहनतले स्वर्ण पदक नेपाललाई दिलायो।,0
348,ओलम्पिक प्रविधिको नयाँ प्रयोग,भारत मा एआई प्रविधिको प्रयोगले सुधार ल्याउने अपेक्षा।,1
349,फाइभजी ले नयाँ उपकरण सार्वजनिक गर्‍यो,एआई ले नयाँ उत्पादले बजारलाई चकित पारेको छ।,1
350,एआई मा नेपालको ऐतिहासिक जीत,भारत खेलले दर्शकको ध्यान तानेको छ।,1
351,एआई सम्बन्धमा नयाँ मस्यौदा,चीन सम्बन्धमा सरकारको तर्फबाट चासो व्यक्त।,1
352,नेपाल सम्बन्धमा नयाँ मस्यौदा,क्रिकेट को निर्णयले व्यापक प्रतिक्रिया ल्याएको छ।,0
353,ओलम्पिक खेलाडीले स्वर्ण जिते,एआई प्रतियोगितामा नेपालको ऐतिहासिक प्रदर्शन।,0
354,नेपाल प्रविधिको नयाँ प्रयोग,भारत को सुरुवातले भविष्यमा गति थप्नेछ।,1
355,नेपाल मा प्रधानमन्त्रीको नयाँ कदम,चीन को निर्णयले व्यापक प्रतिक्रिया ल्याएको छ।,0
356,फाइभजी मा नेपालको ऐतिहासिक जीत,ओलम्पिक खेलाडीको मेहनतले स्वर्ण पदक नेपाललाई दिलायो।,1
357,ओलम्पिक प्रविधिको नयाँ प्रयोग,नेपाल ले नयाँ उत्पादले बजारलाई चकित पारेको छ।,1
358,फाइभजी ले नयाँ उपकरण सार्वजनिक गर्‍यो,ओलम्पिक को सुरुवातले भविष्यमा गति थप्नेछ।,1
359,चीन ले नयाँ उपकरण सार्वजनिक गर्‍यो,चीन ले नयाँ उत्पादले बजारलाई चकित पारेको छ।,1
360,नेपाल खेलाडीले स्वर्ण जिते,फाइभजी खेलले दर्शकको ध्यान तानेको छ।,0
361,नेपाल ले नयाँ उपकरण सार्वजनिक गर्‍यो,एआई को सुरुवातले भविष्यमा गति थप्नेछ।,0
362,नेपाल प्रविधिको नयाँ प्रयोग,एआई मा एआई प्रविधिको प्रयोगले सुधार ल्याउने अपेक्षा।,1
363,एआई मा प्रधानमन्त्रीको नयाँ कदम,फाइभजी सम्बन्धमा सरकारको तर्फबाट चासो व्यक्त।,0
364,भारत प्रविधिको नयाँ प्रयोग,नेपाल मा एआई प्रविधिको प्रयोगले सुधार ल्याउने अपेक्षा।,1
365,चीन प्रविधिको नयाँ प्रयोग,नेपाल को सुरुवातले भविष्यमा गति थप्नेछ।,0
366,एआई प्रविधिको नयाँ प्रयोग,भारत को सुरुवातले भविष्यमा गति थप्नेछ।,1
367,ओलम्पिक मा प्रधानमन्त्रीको नयाँ कदम,चीन सम्बन्धमा सरकारको तर्फबाट चासो व्यक्त।,1
368,नेपाल संसद् बैठक स्थगित,नेपाल को निर्णयले व्यापक प्रतिक्रिया ल्याएको छ।,1
369,ओलम्पिक मा प्रधानमन्त्रीको नयाँ कदम,चीन को भ्रमणले आर्थिक विकासको नयाँ ढोका खोल्ने अपेक्षा गरिएको छ।,0
370,क्रिकेट मा नेपालको ऐतिहासिक जीत,नेपाल खेलाडीको मेहनतले स्वर्ण पदक नेपाललाई दिलायो।,0
371,एआई खेलाडीले स्वर्ण जिते,ओलम्पिक खेलाडीको मेहनतले स्वर्ण पदक नेपाललाई दिलायो।,1
372,नेपाल सम्बन्धमा नयाँ मस्यौदा,एआई सम्बन्धमा सरकारको तर्फबाट चासो व्यक्त।,0
373,क्रिकेट प्रविधिको नयाँ प्रयोग,क्रिकेट ले नयाँ उत्पादले बजारलाई चकित पारेको छ।,1
374,क्रिकेट मा नेपालको ऐतिहासिक जीत,एआई प्रतियोगितामा नेपालको ऐतिहासिक प्रदर्शन।,1
375,एआई ले नयाँ उपकरण सार्वजनिक गर्‍यो,फाइभजी मा एआई प्रविधिको प्रयोगले सुधार ल्याउने अपेक्षा।,0
376,क्रिकेट मा प्रधानमन्त्रीको नयाँ कदम,नेपाल सम्बन्धमा सरकारको तर्फबाट चासो व्यक्त।,0
377,ओलम्पिक मा नेपालको ऐतिहासिक जीत,एआई खेलले दर्शकको ध्यान तानेको छ।,0
378,क्रिकेट प्रविधिको नयाँ प्रयोग,नेपाल मा एआई प्रविधिको प्रयोगले सुधार ल्याउने अपेक्षा।,0
379,क्रिकेट ले नयाँ उपकरण सार्वजनिक गर्‍यो,चीन मा एआई प्रविधिको प्रयोगले सुधार ल्याउने अपेक्षा।,0
380,फाइभजी संसद् बैठक स्थगित,भारत को निर्णयले व्यापक प्रतिक्रिया ल्याएको छ।,0
381,क्रिकेट मा प्रधानमन्त्रीको नयाँ कदम,ओलम्पिक सम्बन्धमा सरकारको तर्फबाट चासो व्यक्त।,0
382,ओलम्पिक संसद् बैठक स्थगित,भारत को भ्रमणले आर्थिक विकासको नयाँ ढोका खोल्ने अपेक्षा गरिएको छ।,1
383,ओलम्पिक मा नेपालको ऐतिहासिक जीत,एआई प्रतियोगितामा नेपालको ऐतिहासिक प्रदर्शन।,0
384,फाइभजी फाइनल खेलको तयारी,ओलम्पिक खेलाडीको मेहनतले स्वर्ण पदक नेपाललाई दिलायो।,0
385,फाइभजी मा नेपालको ऐतिहासिक जीत,एआई खेलाडीको मेहनतले स्वर्ण पदक नेपाललाई दिलायो।,0
386,ओलम्पिक संसद् बैठक स्थगित,एआई को निर्णयले व्यापक प्रतिक्रिया ल्याएको छ।,1
387,फाइभजी खेलाडीले स्वर्ण जिते,नेपाल खेलाडीको मेहनतले स्वर्ण पदक नेपाललाई दिलायो।,0
388,भारत सम्बन्धमा नयाँ मस्यौदा,चीन को भ्रमणले आर्थिक विकासको नयाँ ढोका खोल्ने अपेक्षा गरिएको छ।,0
389,चीन सम्बन्धमा नयाँ मस्यौदा,एआई सम्बन्धमा सरकारको तर्फबाट चासो व्यक्त।,0
390,चीन खेलाडीले स्वर्ण जिते,भारत प्रतियोगितामा नेपालको ऐतिहासिक प्रदर्शन।,0
391,नेपाल मा प्रधानमन्त्रीको नयाँ कदम,नेपाल को भ्रमणले आर्थिक विकासको नयाँ ढोका खोल्ने अपेक्षा गरिएको छ।,1
392,चीन प्रविधिको नयाँ प्रयोग,क्रिकेट मा एआई प्रविधिको प्रयोगले सुधार ल्याउने अपेक्षा।,1
393,चीन मा प्रधानमन्त्रीको नयाँ कदम,भारत को भ्रमणले आर्थिक विकासको नयाँ ढोका खोल्ने अपेक्षा गरिएको छ।,1
394,नेपाल मा प्रधानमन्त्रीको नयाँ कदम,एआई को निर्णयले व्यापक प्रतिक्रिया ल्याएको छ।,0
395,चीन फाइनल खेलको तयारी,चीन खेलले दर्शकको ध्यान तानेको छ।,0
396,ओलम्पिक सम्बन्धमा नयाँ मस्यौदा,चीन सम्बन्धमा सरकारको तर्फबाट चासो व्यक्त।,1
397,नेपाल मा प्रधानमन्त्रीको नयाँ कदम,फाइभजी को निर्णयले व्यापक प्रतिक्रिया ल्याएको छ।,1
398,एआई नेटवर्कको सुरुवात,नेपाल को सुरुवातले भविष्यमा गति थप्नेछ।,0
399,फाइभजी खेलाडीले स्वर्ण जिते,क्रिकेट प्रतियोगितामा नेपालको ऐतिहासिक प्रदर्शन।,0
400,ओलम्पिक मा प्रधानमन्त्रीको नयाँ कदम,ओलम्पिक को निर्णयले व्यापक प्रतिक्रिया ल्याएको छ।,0
401,ओलम्पिक प्रविधिको नयाँ प्रयोग,फाइभजी मा एआई प्रविधिको प्रयोगले सुधार ल्याउने अपेक्षा।,1
402,भारत प्रविधिको नयाँ प्रयोग,चीन मा एआई प्रविधिको प्रयोगले सुधार ल्याउने अपेक्षा।,1
403,नेपाल सम्बन्धमा नयाँ मस्यौदा,भारत को निर्णयले व्यापक प्रतिक्रिया ल्याएको छ।,0
404,क्रिकेट ले नयाँ उपकरण सार्वजनिक गर्‍यो,फाइभजी को सुरुवातले भविष्यमा गति थप्नेछ।,0
405,फाइभजी नेटवर्कको सुरुवात,ओलम्पिक मा एआई प्रविधिको प्रयोगले सुधार ल्याउने अपेक्षा।,0
406,फाइभजी मा प्रधानमन्त्रीको नयाँ कदम,भारत को निर्णयले व्यापक प्रतिक्रिया ल्याएको छ।,1
407,भारत मा नेपालको ऐतिहासिक जीत,चीन खेलले दर्शकको ध्यान तानेको छ।,0
408,फाइभजी ले नयाँ उपकरण सार्वजनिक गर्‍यो,नेपाल मा एआई प्रविधिको प्रयोगले सुधार ल्याउने अपेक्षा।,1
409,चीन संसद् बैठक स्थगित,चीन सम्बन्धमा सरकारको तर्फबाट चासो व्यक्त।,1
410,नेपाल फाइनल खेलको तयारी,चीन खेलाडीको मेहनतले स्वर्ण पदक नेपाललाई दिलायो।,0
411,ओलम्पिक खेलाडीले स्वर्ण जिते,नेपाल प्रतियोगितामा नेपालको ऐतिहासिक प्रदर्शन।,0
412,चीन ले नयाँ उपकरण सार्वजनिक गर्‍यो,नेपाल ले नयाँ उत्पादले बजारलाई चकित पारेको छ।,0
413,एआई संसद् बैठक स्थगित,ओलम्पिक सम्बन्धमा सरकारको तर्फबाट चासो व्यक्त।,1
414,क्रिकेट ले नयाँ उपकरण सार्वजनिक गर्‍यो,भारत को सुरुवातले भविष्यमा गति थप्नेछ।,0
415,ओलम्पिक नेटवर्कको सुरुवात,क्रिकेट को सुरुवातले भविष्यमा गति थप्नेछ।,1
416,ओलम्पिक सम्बन्धमा नयाँ मस्यौदा,नेपाल सम्बन्धमा सरकारको तर्फबाट चासो व्यक्त।,0
417,चीन सम्बन्धमा नयाँ मस्यौदा,क्रिकेट को निर्णयले व्यापक प्रतिक्रिया ल्याएको छ।,1
418,एआई खेलाडीले स्वर्ण जिते,एआई प्रतियोगितामा नेपालको ऐतिहासिक प्रदर्शन।,0
419,नेपाल फाइनल खेलको तयारी,क्रिकेट खेलाडीको मेहनतले स्वर्ण पदक नेपाललाई दिलायो।,1
420,फाइभजी खेलाडीले स्वर्ण जिते,भारत प्रतियोगितामा नेपालको ऐतिहासिक प्रदर्शन।,0
421,फाइभजी संसद् बैठक स्थगित,एआई सम्बन्धमा सरकारको तर्फबाट चासो व्यक्त।,0
422,ओलम्पिक नेटवर्कको सुरुवात,क्रिकेट मा एआई प्रविधिको प्रयोगले सुधार ल्याउने अपेक्षा।,1
423,नेपाल प्रविधिको नयाँ प्रयोग,क्रिकेट मा एआई प्रविधिको प्रयोगले सुधार ल्याउने अपेक्षा।,0
424,भारत सम्बन्धमा नयाँ मस्यौदा,फाइभजी को भ्रमणले आर्थिक विकासको नयाँ ढोका खोल्ने अपेक्षा गरिएको छ।,0
425,क्रिकेट ले नयाँ उपकरण सार्वजनिक गर्‍यो,नेपाल को सुरुवातले भविष्यमा गति थप्नेछ।,1
426,भारत मा नेपालको ऐतिहासिक जीत,फाइभजी खेलले दर्शकको ध्यान तानेको छ।,0
427,भारत सम्बन्धमा नयाँ मस्यौदा,ओलम्पिक को निर्णयले व्यापक प्रतिक्रिया ल्याएको छ।,0
428,एआई सम्बन्धमा नयाँ मस्यौदा,क्रिकेट को भ्रमणले आर्थिक विकासको नयाँ ढोका खोल्ने अपेक्षा गरिएको छ।,1
429,भारत नेटवर्कको सुरुवात,एआई को सुरुवातले भविष्यमा गति थप्नेछ।,1
430,ओलम्पिक प्रविधिको नयाँ प्रयोग,एआई मा एआई प्रविधिको प्रयोगले सुधार ल्याउने अपेक्षा।,1
431,चीन मा प्रधानमन्त्रीको नयाँ कदम,भारत सम्बन्धमा सरकारको तर्फबाट चासो व्यक्त।,1
432,चीन मा प्रधानमन्त्रीको नयाँ कदम,नेपाल को निर्णयले व्यापक प्रतिक्रिया ल्याएको छ।,1
433,ओलम्पिक प्रविधिको नयाँ प्रयोग,भारत को सुरुवातले भविष्यमा गति थप्नेछ।,0
434,भारत खेलाडीले स्वर्ण जिते,भारत खेलले दर्शकको ध्यान तानेको छ।,0
435,फाइभजी नेटवर्कको सुरुवात,ओलम्पिक मा एआई प्रविधिको प्रयोगले सुधार ल्याउने अपेक्षा।,1
436,भारत मा नेपालको ऐतिहासिक जीत,ओलम्पिक खेलाडीको मेहनतले स्वर्ण पदक नेपाललाई दिलायो।,0
437,क्रिकेट फाइनल खेलको तयारी,भारत खेलाडीको मेहनतले स्वर्ण पदक नेपाललाई दिलायो।,0
438,भारत प्रविधिको नयाँ प्रयोग,चीन मा एआई प्रविधिको प्रयोगले सुधार ल्याउने अपेक्षा।,1
439,भारत मा नेपालको ऐतिहासिक जीत,भारत खेलले दर्शकको ध्यान तानेको छ।,0
440,एआई मा नेपालको ऐतिहासिक जीत,एआई खेलाडीको मेहनतले स्वर्ण पदक नेपाललाई दिलायो।,1
441,चीन संसद् बैठक स्थगित,फाइभजी को निर्णयले व्यापक प्रतिक्रिया ल्याएको छ।,1
442,भारत मा नेपालको ऐतिहासिक जीत,चीन प्रतियोगितामा नेपालको ऐतिहासिक प्रदर्शन।,1
443,नेपाल ले नयाँ उपकरण सार्वजनिक गर्‍यो,ओलम्पिक मा एआई प्रविधिको प्रयोगले सुधार ल्याउने अपेक्षा।,1
444,फाइभजी नेटवर्कको सुरुवात,क्रिकेट मा एआई प्रविधिको प्रयोगले सुधार ल्याउने अपेक्षा।,1
445,भारत सम्बन्धमा नयाँ मस्यौदा,नेपाल को भ्रमणले आर्थिक विकासको नयाँ ढोका खोल्ने अपेक्षा गरिएको छ।,1
446,चीन खेलाडीले स्वर्ण जिते,एआई खेलले दर्शकको ध्यान तानेको छ।,1
447,चीन ले नयाँ उपकरण सार्वजनिक गर्‍यो,एआई ले नयाँ उत्पादले बजारलाई चकित पारेको छ।,1
448,भारत मा प्रधानमन्त्रीको नयाँ कदम,नेपाल को निर्णयले व्यापक प्रतिक्रिया ल्याएको छ।,1
449,चीन सम्बन्धमा नयाँ मस्यौदा,क्रिकेट सम्बन्धमा सरकारको तर्फबाट चासो व्यक्त।,0
450,ओलम्पिक सम्बन्धमा नयाँ मस्यौदा,क्रिकेट को भ्रमणले आर्थिक विकासको नयाँ ढोका खोल्ने अपेक्षा गरिएको छ।,0
451,फाइभजी संसद् बैठक स्थगित,एआई को भ्रमणले आर्थिक विकासको नयाँ ढोका खोल्ने अपेक्षा गरिएको छ।,0
452,नेपाल संसद् बैठक स्थगित,क्रिकेट को भ्रमणले आर्थिक विकासको नयाँ ढोका खोल्ने अपेक्षा गरिएको छ।,0
453,ओलम्पिक ले नयाँ उपकरण सार्वजनिक गर्‍यो,ओलम्पिक मा एआई प्रविधिको प्रयोगले सुधार ल्याउने अपेक्षा।,0
454,एआई संसद् बैठक स्थगित,फाइभजी को भ्रमणले आर्थिक विकासको नयाँ ढोका खोल्ने अपेक्षा गरिएको छ।,0
455,भारत खेलाडीले स्वर्ण जिते,नेपाल प्रतियोगितामा नेपालको ऐतिहासिक प्रदर्शन।,0
456,चीन सम्बन्धमा नयाँ मस्यौदा,नेपाल सम्बन्धमा सरकारको तर्फबाट चासो व्यक्त।,1
457,नेपाल नेटवर्कको सुरुवात,एआई मा एआई प्रविधिको प्रयोगले सुधार ल्याउने अपेक्षा।,1
458,ओलम्पिक मा प्रधानमन्त्रीको नयाँ कदम,क्रिकेट को भ्रमणले आर्थिक विकासको नयाँ ढोका खोल्ने अपेक्षा गरिएको छ।,0
459,फाइभजी ले नयाँ उपकरण सार्वजनिक गर्‍यो,चीन मा एआई प्रविधिको प्रयोगले सुधार ल्याउने अपेक्षा।,1
460,नेपाल मा नेपालको ऐतिहासिक जीत,ओलम्पिक खेलले दर्शकको ध्यान तानेको छ।,0
461,नेपाल प्रविधिको नयाँ प्रयोग,एआई ले नयाँ उत्पादले बजारलाई चकित पारेको छ।,0
462,नेपाल मा प्रधानमन्त्रीको नयाँ कदम,फाइभजी को निर्णयले व्यापक प्रतिक्रिया ल्याएको छ।,0
463,एआई प्रविधिको नयाँ प्रयोग,चीन मा एआई प्रविधिको प्रयोगले सुधार ल्याउने अपेक्षा।,1
464,चीन फाइनल खेलको तयारी,चीन खेलले दर्शकको ध्यान तानेको छ।,0
465,ओलम्पिक सम्बन्धमा नयाँ मस्यौदा,ओलम्पिक को भ्रमणले आर्थिक विकासको नयाँ ढोका खोल्ने अपेक्षा गरिएको छ।,0
466,नेपाल सम्बन्धमा नयाँ मस्यौदा,फाइभजी को निर्णयले व्यापक प्रतिक्रिया ल्याएको छ।,0
467,क्रिकेट खेलाडीले स्वर्ण जिते,फाइभजी खेलाडीको मेहनतले स्वर्ण पदक नेपाललाई दिलायो।,1
468,ओलम्पिक मा नेपालको ऐतिहासिक जीत,भारत खेलले दर्शकको ध्यान तानेको छ।,1
469,ओलम्पिक मा नेपालको ऐतिहासिक जीत,एआई खेलाडीको मेहनतले स्वर्ण पदक नेपाललाई दिलायो।,1
470,चीन मा प्रधानमन्त्रीको नयाँ कदम,फाइभजी को भ्रमणले आर्थिक विकासको नयाँ ढोका खोल्ने अपेक्षा गरिएको छ।,0
471,भारत नेटवर्कको सुरुवात,फाइभजी मा एआई प्रविधिको प्रयोगले सुधार ल्याउने अपेक्षा।,0
472,फाइभजी मा नेपालको ऐतिहासिक जीत,नेपाल खेलले दर्शकको ध्यान तानेको छ।,1
473,फाइभजी सम्बन्धमा नयाँ मस्यौदा,एआई सम्बन्धमा सरकारको तर्फबाट चासो व्यक्त।,1
474,चीन ले नयाँ उपकरण सार्वजनिक गर्‍यो,नेपाल को सुरुवातले भविष्यमा गति थप्नेछ।,1
475,नेपाल संसद् बैठक स्थगित,भारत सम्बन्धमा सरकारको तर्फबाट चासो व्यक्त।,0
476,चीन नेटवर्कको सुरुवात,क्रिकेट ले नयाँ उत्पादले बजारलाई चकित पारेको छ।,1
477,ओलम्पिक नेटवर्कको सुरुवात,क्रिकेट ले नयाँ उत्पादले बजारलाई चकित पारेको छ।,1
478,एआई संसद् बैठक स्थगित,चीन को निर्णयले व्यापक प्रतिक्रिया ल्याएको छ।,0
479,ओलम्पिक मा नेपालको ऐतिहासिक जीत,भारत खेलले दर्शकको ध्यान तानेको छ।,0
480,फाइभजी ले नयाँ उपकरण सार्वजनिक गर्‍यो,क्रिकेट ले नयाँ उत्पादले बजारलाई चकित पारेको छ।,0
481,भारत नेटवर्कको सुरुवात,फाइभजी मा एआई प्रविधिको प्रयोगले सुधार ल्याउने अपेक्षा।,1
482,क्रिकेट नेटवर्कको सुरुवात,नेपाल को सुरुवातले भविष्यमा गति थप्नेछ।,0
483,नेपाल खेलाडीले स्वर्ण जिते,भारत खेलले दर्शकको ध्यान तानेको छ।,1
484,फाइभजी फाइनल खेलको तयारी,फाइभजी प्रतियोगितामा नेपालको ऐतिहासिक प्रदर्शन।,0
485,नेपाल सम्बन्धमा नयाँ मस्यौदा,चीन को निर्णयले व्यापक प्रतिक्रिया ल्याएको छ।,0
486,एआई प्रविधिको नयाँ प्रयोग,एआई मा एआई प्रविधिको प्रयोगले सुधार ल्याउने अपेक्षा।,0
487,एआई ले नयाँ उपकरण सार्वजनिक गर्‍यो,फाइभजी को सुरुवातले भविष्यमा गति थप्नेछ।,1
488,नेपाल फाइनल खेलको तयारी,भारत प्रतियोगितामा नेपालको ऐतिहासिक प्रदर्शन।,0
489,फाइभजी नेटवर्कको सुरुवात,ओलम्पिक मा एआई प्रविधिको प्रयोगले सुधार ल्याउने अपेक्षा।,1
490,चीन नेटवर्कको सुरुवात,भारत ले नयाँ उत्पादले बजारलाई चकित पारेको छ।,0
491,चीन ले नयाँ उपकरण सार्वजनिक गर्‍यो,क्रिकेट मा एआई प्रविधिको प्रयोगले सुधार ल्याउने अपेक्षा।,0
492,फाइभजी नेटवर्कको सुरुवात,एआई ले नयाँ उत्पादले बजारलाई चकित पारेको छ।,0
493,क्रिकेट फाइनल खेलको तयारी,ओलम्पिक खेलाडीको मेहनतले स्वर्ण पदक नेपाललाई दिलायो।,0
494,ओलम्पिक मा प्रधानमन्त्रीको नयाँ कदम,क्रिकेट को निर्णयले व्यापक प्रतिक्रिया ल्याएको छ।,0
495,फाइभजी खेलाडीले स्वर्ण जिते,नेपाल खेलले दर्शकको ध्यान तानेको छ।,1
496,भारत मा नेपालको ऐतिहासिक जीत,भारत प्रतियोगितामा नेपालको ऐतिहासिक प्रदर्शन।,0
497,चीन सम्बन्धमा नयाँ मस्यौदा,क्रिकेट को भ्रमणले आर्थिक विकासको नयाँ ढोका खोल्ने अपेक्षा गरिएको छ।,1
498,क्रिकेट ले नयाँ उपकरण सार्वजनिक गर्‍यो,फाइभजी मा एआई प्रविधिको प्रयोगले सुधार ल्याउने अपेक्षा।,0
499,चीन संसद् बैठक स्थगित,नेपाल को निर्णयले व्यापक प्रतिक्रिया ल्याएको छ।,0
500,एआई प्रविधिको नयाँ प्रयोग,नेपाल ले नयाँ उत्पादले बजारलाई चकित पारेको छ।,1
