id,title,body,notification_priority,title_tokens,body_tokens
1,फाइभजी मा प्रधानमन्त्री नयाँ कदम,नेपाल को भ्रमण आर्थिक विकास नयाँ ढोका खोल्ने अपेक्षा गरिए छ।,1,"['फाइभजी', 'मा', 'प्रधानमन्त्रीको', 'नयाँ', 'कदम']","['नेपाल', 'को', 'भ्रमणले', 'आर्थिक', 'विकासको', 'नयाँ', 'ढोका', 'खोल्ने', 'अपेक्षा', 'गरिएको', 'छ', '।']"
2,नेपाल मा प्रधानमन्त्री नयाँ कदम,क्रिकेट को निर्णय व्यापक प्रतिक्रिया ल्याए छ।,1,"['नेपाल', 'मा', 'प्रधानमन्त्रीको', 'नयाँ', 'कदम']","['क्रिकेट', 'को', 'निर्णयले', 'व्यापक', 'प्रतिक्रिया', 'ल्याएको', 'छ', '।']"
3,चीन फाइनल खेल तयारी,ओलम्पिक प्रतियोगिता नेपाल ऐतिहासिक प्रदर्शन।,0,"['चीन', 'फाइनल', 'खेलको', 'तयारी']","['ओलम्पिक', 'प्रतियोगितामा', 'नेपालको', 'ऐतिहासिक', 'प्रदर्शन', '।']"
4,चीन सम्बन्ध नयाँ मस्यौदा,नेपाल को निर्णय व्यापक प्रतिक्रिया ल्याए छ।,1,"['चीन', 'सम्बन्धमा', 'नयाँ', 'मस्यौदा']","['नेपाल', 'को', 'निर्णयले', 'व्यापक', 'प्रतिक्रिया', 'ल्याएको', 'छ', '।']"
5,एआई ले नयाँ उपकरण सार्वजनिक गर्यो,ओलम्पिक मा एआई प्रविधि प्रयोग सुधार ल्याउने अपेक्षा।,0,"['एआई', 'ले', 'नयाँ', 'उपकरण', 'सार्वजनिक', 'गर्यो']","['ओलम्पिक', 'मा', 'एआई', 'प्रविधिको', 'प्रयोगले', 'सुधार', 'ल्याउने', 'अपेक्षा', '।']"
6,भारत ले नयाँ उपकरण सार्वजनिक गर्यो,ओलम्पिक मा एआई प्रविधि प्रयोग सुधार ल्याउने अपेक्षा।,1,"['भारत', 'ले', 'नयाँ', 'उपकरण', 'सार्वजनिक', 'गर्यो']","['ओलम्पिक', 'मा', 'एआई', 'प्रविधिको', 'प्रयोगले', 'सुधार', 'ल्याउने', 'अपेक्षा', '।']"
7,चीन नेटवर्क सुरुवात,एआई को सुरुवात भविष्य गति थप्नेछ।,1,"['चीन', 'नेटवर्कको', 'सुरुवात']","['एआई', 'को', 'सुरुवातले', 'भविष्यमा', 'गति', 'थप्नेछ', '।']"
8,एआई फाइनल खेल तयारी,फाइभजी खेलाडी मेहनत स्वर्ण पदक नेपाल दिलायो।,0,"['एआई', 'फाइनल', 'खेलको', 'तयारी']","['फाइभजी', 'खेलाडीको', 'मेहनतले', 'स्वर्ण', 'पदक', 'नेपाललाई', 'दिलायो', '।']"
9,भारत मा प्रधानमन्त्री नयाँ कदम,फाइभजी को भ्रमण आर्थिक विकास नयाँ ढोका खोल्ने अपेक्षा गरिए छ।,1,"['भारत', 'मा', 'प्रधानमन्त्रीको', 'नयाँ', 'कदम']","['फाइभजी', 'को', 'भ्रमणले', 'आर्थिक', 'विकासको', 'नयाँ', 'ढोका', 'खोल्ने', 'अपेक्षा', 'गरिएको', 'छ', '।']"
10,ओलम्पिक प्रविधि नयाँ प्रयोग,चीन ले नयाँ उत्पाद बजार चकित पारे छ।,0,"['ओलम्पिक', 'प्रविधिको', 'नयाँ', 'प्रयोग']","['चीन', 'ले', 'नयाँ', 'उत्पादले', 'बजारलाई', 'चकित', 'पारेको', 'छ', '।']"
11,चीन फाइनल खेल तयारी,क्रिकेट खेल दर्शक ध्यान ताने छ।,0,"['चीन', 'फाइनल', 'खेलको', 'तयारी']","['क्रिकेट', 'खेलले', 'दर्शकको', 'ध्यान', 'तानेको', 'छ', '।']"
12,नेपाल सम्बन्ध नयाँ मस्यौदा,भारत को भ्रमण आर्थिक विकास नयाँ ढोका खोल्ने अपेक्षा गरिए छ।,1,"['नेपाल', 'सम्बन्धमा', 'नयाँ', 'मस्यौदा']","['भारत', 'को', 'भ्रमणले', 'आर्थिक', 'विकासको', 'नयाँ', 'ढोका', 'खोल्ने', 'अपेक्षा', 'गरिएको', 'छ', '।']"
13,नेपाल ले नयाँ उपकरण सार्वजनिक गर्यो,एआई ले नयाँ उत्पाद बजार चकित पारे छ।,0,"['नेपाल', 'ले', 'नयाँ', 'उपकरण', 'सार्वजनिक', 'गर्यो']","['एआई', 'ले', 'नयाँ', 'उत्पादले', 'बजारलाई', 'चकित', 'पारेको', 'छ', '।']"
14,चीन प्रविधि नयाँ प्रयोग,चीन को सुरुवात भविष्य गति थप्नेछ।,0,"['चीन', 'प्रविधिको', 'नयाँ', 'प्रयोग']","['चीन', 'को', 'सुरुवातले', 'भविष्यमा', 'गति', 'थप्नेछ', '।']"
15,क्रिकेट मा नेपाल ऐतिहासिक जीत,भारत खेलाडी मेहनत स्वर्ण पदक नेपाल दिलायो।,1,"['क्रिकेट', 'मा', 'नेपालको', 'ऐतिहासिक', 'जीत']","['भारत', 'खेलाडीको', 'मेहनतले', 'स्वर्ण', 'पदक', 'नेपाललाई', 'दिलायो', '।']"
16,चीन खेलाडी स्वर्ण जिते,नेपाल खेलाडी मेहनत स्वर्ण पदक नेपाल दिलायो।,1,"['चीन', 'खेलाडीले', 'स्वर्ण', 'जिते']","['नेपाल', 'खेलाडीको', 'मेहनतले', 'स्वर्ण', 'पदक', 'नेपाललाई', 'दिलायो', '।']"
17,फाइभजी खेलाडी स्वर्ण जिते,फाइभजी खेल दर्शक ध्यान ताने छ।,0,"['फाइभजी', 'खेलाडीले', 'स्वर्ण', 'जिते']","['फाइभजी', 'खेलले', 'दर्शकको', 'ध्यान', 'तानेको', 'छ', '।']"
18,ओलम्पिक सम्बन्ध नयाँ मस्यौदा,ओलम्पिक को भ्रमण आर्थिक विकास नयाँ ढोका खोल्ने अपेक्षा गरिए छ।,0,"['ओलम्पिक', 'सम्बन्धमा', 'नयाँ', 'मस्यौदा']","['ओलम्पिक', 'को', 'भ्रमणले', 'आर्थिक', 'विकासको', 'नयाँ', 'ढोका', 'खोल्ने', 'अपेक्षा', 'गरिएको', 'छ', '।']"
19,एआई संसद् बैठक स्थगित,ओलम्पिक को भ्रमण आर्थिक विकास नयाँ ढोका खोल्ने अपेक्षा गरिए छ।,0,"['एआई', 'संसद्', 'बैठक', 'स्थगित']","['ओलम्पिक', 'को', 'भ्रमणले', 'आर्थिक', 'विकासको', 'नयाँ', 'ढोका', 'खोल्ने', 'अपेक्षा', 'गरिएको', 'छ', '।']"
20,भारत मा प्रधानमन्त्री नयाँ कदम,चीन को निर्णय व्यापक प्रतिक्रिया ल्याए छ।,0,"['भारत', 'मा', 'प्रधानमन्त्रीको', 'नयाँ', 'कदम']","['चीन', 'को', 'निर्णयले', 'व्यापक', 'प्रतिक्रिया', 'ल्याएको', 'छ', '।']"
21,ओलम्पिक ले नयाँ उपकरण सार्वजनिक गर्यो,चीन ले नयाँ उत्पाद बजार चकित पारे छ।,0,"['ओलम्पिक', 'ले', 'नयाँ', 'उपकरण', 'सार्वजनिक', 'गर्यो']","['चीन', 'ले', 'नयाँ', 'उत्पादले', 'बजारलाई', 'चकित', 'पारेको', 'छ', '।']"
22,चीन संसद् बैठक स्थगित,भारत को निर्णय व्यापक प्रतिक्रिया ल्याए छ।,0,"['चीन', 'संसद्', 'बैठक', 'स्थगित']","['भारत', 'को', 'निर्णयले', 'व्यापक', 'प्रतिक्रिया', 'ल्याएको', 'छ', '।']"
23,ओलम्पिक नेटवर्क सुरुवात,भारत को सुरुवात भविष्य गति थप्नेछ।,0,"['ओलम्पिक', 'नेटवर्कको', 'सुरुवात']","['भारत', 'को', 'सुरुवातले', 'भविष्यमा', 'गति', 'थप्नेछ', '।']"
24,फाइभजी प्रविधि नयाँ प्रयोग,ओलम्पिक मा एआई प्रविधि प्रयोग सुधार ल्याउने अपेक्षा।,1,"['फाइभजी', 'प्रविधिको', 'नयाँ', 'प्रयोग']","['ओलम्पिक', 'मा', 'एआई', 'प्रविधिको', 'प्रयोगले', 'सुधार', 'ल्याउने', 'अपेक्षा', '।']"
25,ओलम्पिक संसद् बैठक स्थगित,क्रिकेट सम्बन्ध सरकार तर्फ चासो व्यक्त।,1,"['ओलम्पिक', 'संसद्', 'बैठक', 'स्थगित']","['क्रिकेट', 'सम्बन्धमा', 'सरकारको', 'तर्फबाट', 'चासो', 'व्यक्त', '।']"
26,भारत खेलाडी स्वर्ण जिते,चीन खेलाडी मेहनत स्वर्ण पदक नेपाल दिलायो।,0,"['भारत', 'खेलाडीले', 'स्वर्ण', 'जिते']","['चीन', 'खेलाडीको', 'मेहनतले', 'स्वर्ण', 'पदक', 'नेपाललाई', 'दिलायो', '।']"
27,ओलम्पिक नेटवर्क सुरुवात,क्रिकेट को सुरुवात भविष्य गति थप्नेछ।,0,"['ओलम्पिक', 'नेटवर्कको', 'सुरुवात']","['क्रिकेट', 'को', 'सुरुवातले', 'भविष्यमा', 'गति', 'थप्नेछ', '।']"
28,भारत प्रविधि नयाँ प्रयोग,ओलम्पिक ले नयाँ उत्पाद बजार चकित पारे छ।,0,"['भारत', 'प्रविधिको', 'नयाँ', 'प्रयोग']","['ओलम्पिक', 'ले', 'नयाँ', 'उत्पादले', 'बजारलाई', 'चकित', 'पारेको', 'छ', '।']"
29,चीन मा प्रधानमन्त्री नयाँ कदम,भारत सम्बन्ध सरकार तर्फ चासो व्यक्त।,0,"['चीन', 'मा', 'प्रधानमन्त्रीको', 'नयाँ', 'कदम']","['भारत', 'सम्बन्धमा', 'सरकारको', 'तर्फबाट', 'चासो', 'व्यक्त', '।']"
30,ओलम्पिक मा प्रधानमन्त्री नयाँ कदम,क्रिकेट को भ्रमण आर्थिक विकास नयाँ ढोका खोल्ने अपेक्षा गरिए छ।,0,"['ओलम्पिक', 'मा', 'प्रधानमन्त्रीको', 'नयाँ', 'कदम']","['क्रिकेट', 'को', 'भ्रमणले', 'आर्थिक', 'विकासको', 'नयाँ', 'ढोका', 'खोल्ने', 'अपेक्षा', 'गरिएको', 'छ', '।']"
31,नेपाल प्रविधि नयाँ प्रयोग,नेपाल मा एआई प्रविधि प्रयोग सुधार ल्याउने अपेक्षा।,1,"['नेपाल', 'प्रविधिको', 'नयाँ', 'प्रयोग']","['नेपाल', 'मा', 'एआई', 'प्रविधिको', 'प्रयोगले', 'सुधार', 'ल्याउने', 'अपेक्षा', '।']"
32,ओलम्पिक मा नेपाल ऐतिहासिक जीत,ओलम्पिक खेलाडी मेहनत स्वर्ण पदक नेपाल दिलायो।,0,"['ओलम्पिक', 'मा', 'नेपालको', 'ऐतिहासिक', 'जीत']","['ओलम्पिक', 'खेलाडीको', 'मेहनतले', 'स्वर्ण', 'पदक', 'नेपाललाई', 'दिलायो', '।']"
33,क्रिकेट सम्बन्ध नयाँ मस्यौदा,ओलम्पिक सम्बन्ध सरकार तर्फ चासो व्यक्त।,0,"['क्रिकेट', 'सम्बन्धमा', 'नयाँ', 'मस्यौदा']","['ओलम्पिक', 'सम्बन्धमा', 'सरकारको', 'तर्फबाट', 'चासो', 'व्यक्त', '।']"
34,नेपाल प्रविधि नयाँ प्रयोग,क्रिकेट मा एआई प्रविधि प्रयोग सुधार ल्याउने अपेक्षा।,1,"['नेपाल', 'प्रविधिको', 'नयाँ', 'प्रयोग']","['क्रिकेट', 'मा', 'एआई', 'प्रविधिको', 'प्रयोगले', 'सुधार', 'ल्याउने', 'अपेक्षा', '।']"
35,ओलम्पिक नेटवर्क सुरुवात,नेपाल ले नयाँ उत्पाद बजार चकित पारे छ।,1,"['ओलम्पिक', 'नेटवर्कको', 'सुरुवात']","['नेपाल', 'ले', 'नयाँ', 'उत्पादले', 'बजारलाई', 'चकित', 'पारेको', 'छ', '।']"
36,एआई नेटवर्क सुरुवात,एआई को सुरुवात भविष्य गति थप्नेछ।,1,"['एआई', 'नेटवर्कको', 'सुरुवात']","['एआई', 'को', 'सुरुवातले', 'भविष्यमा', 'गति', 'थप्नेछ', '।']"
37,एआई फाइनल खेल तयारी,एआई प्रतियोगिता नेपाल ऐतिहासिक प्रदर्शन।,0,"['एआई', 'फाइनल', 'खेलको', 'तयारी']","['एआई', 'प्रतियोगितामा', 'नेपालको', 'ऐतिहासिक', 'प्रदर्शन', '।']"
38,एआई प्रविधि नयाँ प्रयोग,क्रिकेट ले नयाँ उत्पाद बजार चकित पारे छ।,0,"['एआई', 'प्रविधिको', 'नयाँ', 'प्रयोग']","['क्रिकेट', 'ले', 'नयाँ', 'उत्पादले', 'बजारलाई', 'चकित', 'पारेको', 'छ', '।']"
39,एआई प्रविधि नयाँ प्रयोग,भारत ले नयाँ उत्पाद बजार चकित पारे छ।,0,"['एआई', 'प्रविधिको', 'नयाँ', 'प्रयोग']","['भारत', 'ले', 'नयाँ', 'उत्पादले', 'बजारलाई', 'चकित', 'पारेको', 'छ', '।']"
40,फाइभजी मा नेपाल ऐतिहासिक जीत,एआई खेल दर्शक ध्यान ताने छ।,0,"['फाइभजी', 'मा', 'नेपालको', 'ऐतिहासिक', 'जीत']","['एआई', 'खेलले', 'दर्शकको', 'ध्यान', 'तानेको', 'छ', '।']"
41,क्रिकेट प्रविधि नयाँ प्रयोग,चीन मा एआई प्रविधि प्रयोग सुधार ल्याउने अपेक्षा।,0,"['क्रिकेट', 'प्रविधिको', 'नयाँ', 'प्रयोग']","['चीन', 'मा', 'एआई', 'प्रविधिको', 'प्रयोगले', 'सुधार', 'ल्याउने', 'अपेक्षा', '।']"
42,क्रिकेट प्रविधि नयाँ प्रयोग,फाइभजी मा एआई प्रविधि प्रयोग सुधार ल्याउने अपेक्षा।,1,"['क्रिकेट', 'प्रविधिको', 'नयाँ', 'प्रयोग']","['फाइभजी', 'मा', 'एआई', 'प्रविधिको', 'प्रयोगले', 'सुधार', 'ल्याउने', 'अपेक्षा', '।']"
43,भारत सम्बन्ध नयाँ मस्यौदा,एआई को भ्रमण आर्थिक विकास नयाँ ढोका खोल्ने अपेक्षा गरिए छ।,0,"['भारत', 'सम्बन्धमा', 'नयाँ', 'मस्यौदा']","['एआई', 'को', 'भ्रमणले', 'आर्थिक', 'विकासको', 'नयाँ', 'ढोका', 'खोल्ने', 'अपेक्षा', 'गरिएको', 'छ', '।']"
44,नेपाल मा नेपाल ऐतिहासिक जीत,ओलम्पिक प्रतियोगिता नेपाल ऐतिहासिक प्रदर्शन।,0,"['नेपाल', 'मा', 'नेपालको', 'ऐतिहासिक', 'जीत']","['ओलम्पिक', 'प्रतियोगितामा', 'नेपालको', 'ऐतिहासिक', 'प्रदर्शन', '।']"
45,नेपाल खेलाडी स्वर्ण जिते,क्रिकेट खेलाडी मेहनत स्वर्ण पदक नेपाल दिलायो।,0,"['नेपाल', 'खेलाडीले', 'स्वर्ण', 'जिते']","['क्रिकेट', 'खेलाडीको', 'मेहनतले', 'स्वर्ण', 'पदक', 'नेपाललाई', 'दिलायो', '।']"
46,चीन सम्बन्ध नयाँ मस्यौदा,नेपाल को निर्णय व्यापक प्रतिक्रिया ल्याए छ।,1,"['चीन', 'सम्बन्धमा', 'नयाँ', 'मस्यौदा']","['नेपाल', 'को', 'निर्णयले', 'व्यापक', 'प्रतिक्रिया', 'ल्याएको', 'छ', '।']"
47,नेपाल मा नेपाल ऐतिहासिक जीत,क्रिकेट प्रतियोगिता नेपाल ऐतिहासिक प्रदर्शन।,1,"['नेपाल', 'मा', 'नेपालको', 'ऐतिहासिक', 'जीत']","['क्रिकेट', 'प्रतियोगितामा', 'नेपालको', 'ऐतिहासिक', 'प्रदर्शन', '।']"
48,ओलम्पिक खेलाडी स्वर्ण जिते,क्रिकेट खेलाडी मेहनत स्वर्ण पदक नेपाल दिलायो।,0,"['ओलम्पिक', 'खेलाडीले', 'स्वर्ण', 'जिते']","['क्रिकेट', 'खेलाडीको', 'मेहनतले', 'स्वर्ण', 'पदक', 'नेपाललाई', 'दिलायो', '।']"
49,ओलम्पिक खेलाडी स्वर्ण जिते,भारत प्रतियोगिता नेपाल ऐतिहासिक प्रदर्शन।,0,"['ओलम्पिक', 'खेलाडीले', 'स्वर्ण', 'जिते']","['भारत', 'प्रतियोगितामा', 'नेपालको', 'ऐतिहासिक', 'प्रदर्शन', '।']"
50,एआई संसद् बैठक स्थगित,भारत को निर्णय व्यापक प्रतिक्रिया ल्याए छ।,1,"['एआई', 'संसद्', 'बैठक', 'स्थगित']","['भारत', 'को', 'निर्णयले', 'व्यापक', 'प्रतिक्रिया', 'ल्याएको', 'छ', '।']"
51,एआई नेटवर्क सुरुवात,एआई मा एआई प्रविधि प्रयोग सुधार ल्याउने अपेक्षा।,1,"['एआई', 'नेटवर्कको', 'सुरुवात']","['एआई', 'मा', 'एआई', 'प्रविधिको', 'प्रयोगले', 'सुधार', 'ल्याउने', 'अपेक्षा', '।']"
52,क्रिकेट प्रविधि नयाँ प्रयोग,फाइभजी मा एआई प्रविधि प्रयोग सुधार ल्याउने अपेक्षा।,0,"['क्रिकेट', 'प्रविधिको', 'नयाँ', 'प्रयोग']","['फाइभजी', 'मा', 'एआई', 'प्रविधिको', 'प्रयोगले', 'सुधार', 'ल्याउने', 'अपेक्षा', '।']"
53,एआई खेलाडी स्वर्ण जिते,नेपाल प्रतियोगिता नेपाल ऐतिहासिक प्रदर्शन।,0,"['एआई', 'खेलाडीले', 'स्वर्ण', 'जिते']","['नेपाल', 'प्रतियोगितामा', 'नेपालको', 'ऐतिहासिक', 'प्रदर्शन', '।']"
54,चीन ले नयाँ उपकरण सार्वजनिक गर्यो,ओलम्पिक ले नयाँ उत्पाद बजार चकित पारे छ।,1,"['चीन', 'ले', 'नयाँ', 'उपकरण', 'सार्वजनिक', 'गर्यो']","['ओलम्पिक', 'ले', 'नयाँ', 'उत्पादले', 'बजारलाई', 'चकित', 'पारेको', 'छ', '।']"
55,एआई नेटवर्क सुरुवात,क्रिकेट को सुरुवात भविष्य गति थप्नेछ।,1,"['एआई', 'नेटवर्कको', 'सुरुवात']","['क्रिकेट', 'को', 'सुरुवातले', 'भविष्यमा', 'गति', 'थप्नेछ', '।']"
56,क्रिकेट ले नयाँ उपकरण सार्वजनिक गर्यो,ओलम्पिक मा एआई प्रविधि प्रयोग सुधार ल्याउने अपेक्षा।,0,"['क्रिकेट', 'ले', 'नयाँ', 'उपकरण', 'सार्वजनिक', 'गर्यो']","['ओलम्पिक', 'मा', 'एआई', 'प्रविधिको', 'प्रयोगले', 'सुधार', 'ल्याउने', 'अपेक्षा', '।']"
57,नेपाल नेटवर्क सुरुवात,क्रिकेट को सुरुवात भविष्य गति थप्नेछ।,0,"['नेपाल', 'नेटवर्कको', 'सुरुवात']","['क्रिकेट', 'को', 'सुरुवातले', 'भविष्यमा', 'गति', 'थप्नेछ', '।']"
58,भारत सम्बन्ध नयाँ मस्यौदा,ओलम्पिक को निर्णय व्यापक प्रतिक्रिया ल्याए छ।,1,"['भारत', 'सम्बन्धमा', 'नयाँ', 'मस्यौदा']","['ओलम्पिक', 'को', 'निर्णयले', 'व्यापक', 'प्रतिक्रिया', 'ल्याएको', 'छ', '।']"
59,एआई नेटवर्क सुरुवात,भारत ले नयाँ उत्पाद बजार चकित पारे छ।,0,"['एआई', 'नेटवर्कको', 'सुरुवात']","['भारत', 'ले', 'नयाँ', 'उत्पादले', 'बजारलाई', 'चकित', 'पारेको', 'छ', '।']"
60,फाइभजी संसद् बैठक स्थगित,फाइभजी को भ्रमण आर्थिक विकास नयाँ ढोका खोल्ने अपेक्षा गरिए छ।,0,"['फाइभजी', 'संसद्', 'बैठक', 'स्थगित']","['फाइभजी', 'को', 'भ्रमणले', 'आर्थिक', 'विकासको', 'नयाँ', 'ढोका', 'खोल्ने', 'अपेक्षा', 'गरिएको', 'छ', '।']"
61,एआई सम्बन्ध नयाँ मस्यौदा,फाइभजी को भ्रमण आर्थिक विकास नयाँ ढोका खोल्ने अपेक्षा गरिए छ।,1,"['एआई', 'सम्बन्धमा', 'नयाँ', 'मस्यौदा']","['फाइभजी', 'को', 'भ्रमणले', 'आर्थिक', 'विकासको', 'नयाँ', 'ढोका', 'खोल्ने', 'अपेक्षा', 'गरिएको', 'छ', '।']"
62,क्रिकेट प्रविधि नयाँ प्रयोग,चीन ले नयाँ उत्पाद बजार चकित पारे छ।,1,"['क्रिकेट', 'प्रविधिको', 'नयाँ', 'प्रयोग']","['चीन', 'ले', 'नयाँ', 'उत्पादले', 'बजारलाई', 'चकित', 'पारेको', 'छ', '।']"
63,ओलम्पिक मा प्रधानमन्त्री नयाँ कदम,फाइभजी सम्बन्ध सरकार तर्फ चासो व्यक्त।,0,"['ओलम्पिक', 'मा', 'प्रधानमन्त्रीको', 'नयाँ', 'कदम']","['फाइभजी', 'सम्बन्धमा', 'सरकारको', 'तर्फबाट', 'चासो', 'व्यक्त', '।']"
64,क्रिकेट नेटवर्क सुरुवात,भारत ले नयाँ उत्पाद बजार चकित पारे छ।,0,"['क्रिकेट', 'नेटवर्कको', 'सुरुवात']","['भारत', 'ले', 'नयाँ', 'उत्पादले', 'बजारलाई', 'चकित', 'पारेको', 'छ', '।']"
65,फाइभजी फाइनल खेल तयारी,क्रिकेट प्रतियोगिता नेपाल ऐतिहासिक प्रदर्शन।,0,"['फाइभजी', 'फाइनल', 'खेलको', 'तयारी']","['क्रिकेट', 'प्रतियोगितामा', 'नेपालको', 'ऐतिहासिक', 'प्रदर्शन', '।']"
66,एआई मा नेपाल ऐतिहासिक जीत,एआई खेलाडी मेहनत स्वर्ण पदक नेपाल दिलायो।,0,"['एआई', 'मा', 'नेपालको', 'ऐतिहासिक', 'जीत']","['एआई', 'खेलाडीको', 'मेहनतले', 'स्वर्ण', 'पदक', 'नेपाललाई', 'दिलायो', '।']"
67,चीन नेटवर्क सुरुवात,चीन को सुरुवात भविष्य गति थप्नेछ।,0,"['चीन', 'नेटवर्कको', 'सुरुवात']","['चीन', 'को', 'सुरुवातले', 'भविष्यमा', 'गति', 'थप्नेछ', '।']"
68,क्रिकेट सम्बन्ध नयाँ मस्यौदा,एआई को भ्रमण आर्थिक विकास नयाँ ढोका खोल्ने अपेक्षा गरिए छ।,1,"['क्रिकेट', 'सम्बन्धमा', 'नयाँ', 'मस्यौदा']","['एआई', 'को', 'भ्रमणले', 'आर्थिक', 'विकासको', 'नयाँ', 'ढोका', 'खोल्ने', 'अपेक्षा', 'गरिएको', 'छ', '।']"
69,भारत नेटवर्क सुरुवात,फाइभजी को सुरुवात भविष्य गति थप्नेछ।,0,"['भारत', 'नेटवर्कको', 'सुरुवात']","['फाइभजी', 'को', 'सुरुवातले', 'भविष्यमा', 'गति', 'थप्नेछ', '।']"
70,भारत सम्बन्ध नयाँ मस्यौदा,एआई को निर्णय व्यापक प्रतिक्रिया ल्याए छ।,0,"['भारत', 'सम्बन्धमा', 'नयाँ', 'मस्यौदा']","['एआई', 'को', 'निर्णयले', 'व्यापक', 'प्रतिक्रिया', 'ल्याएको', 'छ', '।']"
71,चीन मा नेपाल ऐतिहासिक जीत,चीन खेल दर्शक ध्यान ताने छ।,0,"['चीन', 'मा', 'नेपालको', 'ऐतिहासिक', 'जीत']","['चीन', 'खेलले', 'दर्शकको', 'ध्यान', 'तानेको', 'छ', '।']"
72,ओलम्पिक सम्बन्ध नयाँ मस्यौदा,भारत को निर्णय व्यापक प्रतिक्रिया ल्याए छ।,0,"['ओलम्पिक', 'सम्बन्धमा', 'नयाँ', 'मस्यौदा']","['भारत', 'को', 'निर्णयले', 'व्यापक', 'प्रतिक्रिया', 'ल्याएको', 'छ', '।']"
73,ओलम्पिक खेलाडी स्वर्ण जिते,ओलम्पिक खेल दर्शक ध्यान ताने छ।,1,"['ओलम्पिक', 'खेलाडीले', 'स्वर्ण', 'जिते']","['ओलम्पिक', 'खेलले', 'दर्शकको', 'ध्यान', 'तानेको', 'छ', '।']"
74,चीन सम्बन्ध नयाँ मस्यौदा,भारत को निर्णय व्यापक प्रतिक्रिया ल्याए छ।,1,"['चीन', 'सम्बन्धमा', 'नयाँ', 'मस्यौदा']","['भारत', 'को', 'निर्णयले', 'व्यापक', 'प्रतिक्रिया', 'ल्याएको', 'छ', '।']"
75,क्रिकेट मा प्रधानमन्त्री नयाँ कदम,ओलम्पिक को निर्णय व्यापक प्रतिक्रिया ल्याए छ।,1,"['क्रिकेट', 'मा', 'प्रधानमन्त्रीको', 'नयाँ', 'कदम']","['ओलम्पिक', 'को', 'निर्णयले', 'व्यापक', 'प्रतिक्रिया', 'ल्याएको', 'छ', '।']"
76,चीन संसद् बैठक स्थगित,एआई को निर्णय व्यापक प्रतिक्रिया ल्याए छ।,1,"['चीन', 'संसद्', 'बैठक', 'स्थगित']","['एआई', 'को', 'निर्णयले', 'व्यापक', 'प्रतिक्रिया', 'ल्याएको', 'छ', '।']"
77,ओलम्पिक सम्बन्ध नयाँ मस्यौदा,ओलम्पिक को भ्रमण आर्थिक विकास नयाँ ढोका खोल्ने अपेक्षा गरिए छ।,1,"['ओलम्पिक', 'सम्बन्धमा', 'नयाँ', 'मस्यौदा']","['ओलम्पिक', 'को', 'भ्रमणले', 'आर्थिक', 'विकासको', 'नयाँ', 'ढोका', 'खोल्ने', 'अपेक्षा', 'गरिएको', 'छ', '।']"
78,भारत प्रविधि नयाँ प्रयोग,नेपाल मा एआई प्रविधि प्रयोग सुधार ल्याउने अपेक्षा।,0,"['भारत', 'प्रविधिको', 'नयाँ', 'प्रयोग']","['नेपाल', 'मा', 'एआई', 'प्रविधिको', 'प्रयोगले', 'सुधार', 'ल्याउने', 'अपेक्षा', '।']"
79,भारत सम्बन्ध नयाँ मस्यौदा,क्रिकेट को निर्णय व्यापक प्रतिक्रिया ल्याए छ।,0,"['भारत', 'सम्बन्धमा', 'नयाँ', 'मस्यौदा']","['क्रिकेट', 'को', 'निर्णयले', 'व्यापक', 'प्रतिक्रिया', 'ल्याएको', 'छ', '।']"
80,नेपाल ले नयाँ उपकरण सार्वजनिक गर्यो,भारत ले नयाँ उत्पाद बजार चकित पारे छ।,0,"['नेपाल', 'ले', 'नयाँ', 'उपकरण', 'सार्वजनिक', 'गर्यो']","['भारत', 'ले', 'नयाँ', 'उत्पादले', 'बजारलाई', 'चकित', 'पारेको', 'छ', '।']"
81,ओलम्पिक फाइनल खेल तयारी,नेपाल खेल दर्शक ध्यान ताने छ।,1,"['ओलम्पिक', 'फाइनल', 'खेलको', 'तयारी']","['नेपाल', 'खेलले', 'दर्शकको', 'ध्यान', 'तानेको', 'छ', '।']"
82,फाइभजी मा नेपाल ऐतिहासिक जीत,ओलम्पिक खेलाडी मेहनत स्वर्ण पदक नेपाल दिलायो।,0,"['फाइभजी', 'मा', 'नेपालको', 'ऐतिहासिक', 'जीत']","['ओलम्पिक', 'खेलाडीको', 'मेहनतले', 'स्वर्ण', 'पदक', 'नेपाललाई', 'दिलायो', '।']"
83,चीन संसद् बैठक स्थगित,भारत सम्बन्ध सरकार तर्फ चासो व्यक्त।,0,"['चीन', 'संसद्', 'बैठक', 'स्थगित']","['भारत', 'सम्बन्धमा', 'सरकारको', 'तर्फबाट', 'चासो', 'व्यक्त', '।']"
84,नेपाल मा प्रधानमन्त्री नयाँ कदम,भारत को भ्रमण आर्थिक विकास नयाँ ढोका खोल्ने अपेक्षा गरिए छ।,0,"['नेपाल', 'मा', 'प्रधानमन्त्रीको', 'नयाँ', 'कदम']","['भारत', 'को', 'भ्रमणले', 'आर्थिक', 'विकासको', 'नयाँ', 'ढोका', 'खोल्ने', 'अपेक्षा', 'गरिएको', 'छ', '।']"
85,नेपाल ले नयाँ उपकरण सार्वजनिक गर्यो,एआई ले नयाँ उत्पाद बजार चकित पारे छ।,1,"['नेपाल', 'ले', 'नयाँ', 'उपकरण', 'सार्वजनिक', 'गर्यो']","['एआई', 'ले', 'नयाँ', 'उत्पादले', 'बजारलाई', 'चकित', 'पारेको', 'छ', '।']"
86,ओलम्पिक ले नयाँ उपकरण सार्वजनिक गर्यो,भारत मा एआई प्रविधि प्रयोग सुधार ल्याउने अपेक्षा।,1,"['ओलम्पिक', 'ले', 'नयाँ', 'उपकरण', 'सार्वजनिक', 'गर्यो']","['भारत', 'मा', 'एआई', 'प्रविधिको', 'प्रयोगले', 'सुधार', 'ल्याउने', 'अपेक्षा', '।']"
87,ओलम्पिक मा प्रधानमन्त्री नयाँ कदम,फाइभजी को निर्णय व्यापक प्रतिक्रिया ल्याए छ।,0,"['ओलम्पिक', 'मा', 'प्रधानमन्त्रीको', 'नयाँ', 'कदम']","['फाइभजी', 'को', 'निर्णयले', 'व्यापक', 'प्रतिक्रिया', 'ल्याएको', 'छ', '।']"
88,चीन प्रविधि नयाँ प्रयोग,नेपाल ले नयाँ उत्पाद बजार चकित पारे छ।,1,"['चीन', 'प्रविधिको', 'नयाँ', 'प्रयोग']","['नेपाल', 'ले', 'नयाँ', 'उत्पादले', 'बजारलाई', 'चकित', 'पारेको', 'छ', '।']"
89,एआई सम्बन्ध नयाँ मस्यौदा,एआई को निर्णय व्यापक प्रतिक्रिया ल्याए छ।,1,"['एआई', 'सम्बन्धमा', 'नयाँ', 'मस्यौदा']","['एआई', 'को', 'निर्णयले', 'व्यापक', 'प्रतिक्रिया', 'ल्याएको', 'छ', '।']"
90,भारत मा प्रधानमन्त्री नयाँ कदम,क्रिकेट सम्बन्ध सरकार तर्फ चासो व्यक्त।,0,"['भारत', 'मा', 'प्रधानमन्त्रीको', 'नयाँ', 'कदम']","['क्रिकेट', 'सम्बन्धमा', 'सरकारको', 'तर्फबाट', 'चासो', 'व्यक्त', '।']"
91,क्रिकेट नेटवर्क सुरुवात,क्रिकेट को सुरुवात भविष्य गति थप्नेछ।,0,"['क्रिकेट', 'नेटवर्कको', 'सुरुवात']","['क्रिकेट', 'को', 'सुरुवातले', 'भविष्यमा', 'गति', 'थप्नेछ', '।']"
92,चीन ले नयाँ उपकरण सार्वजनिक गर्यो,क्रिकेट ले नयाँ उत्पाद बजार चकित पारे छ।,0,"['चीन', 'ले', 'नयाँ', 'उपकरण', 'सार्वजनिक', 'गर्यो']","['क्रिकेट', 'ले', 'नयाँ', 'उत्पादले', 'बजारलाई', 'चकित', 'पारेको', 'छ', '।']"
93,फाइभजी नेटवर्क सुरुवात,नेपाल ले नयाँ उत्पाद बजार चकित पारे छ।,1,"['फाइभजी', 'नेटवर्कको', 'सुरुवात']","['नेपाल', 'ले', 'नयाँ', 'उत्पादले', 'बजारलाई', 'चकित', 'पारेको', 'छ', '।']"
94,भारत सम्बन्ध नयाँ मस्यौदा,एआई को निर्णय व्यापक प्रतिक्रिया ल्याए छ।,0,"['भारत', 'सम्बन्धमा', 'नयाँ', 'मस्यौदा']","['एआई', 'को', 'निर्णयले', 'व्यापक', 'प्रतिक्रिया', 'ल्याएको', 'छ', '।']"
95,भारत ले नयाँ उपकरण सार्वजनिक गर्यो,भारत ले नयाँ उत्पाद बजार चकित पारे छ।,0,"['भारत', 'ले', 'नयाँ', 'उपकरण', 'सार्वजनिक', 'गर्यो']","['भारत', 'ले', 'नयाँ', 'उत्पादले', 'बजारलाई', 'चकित', 'पारेको', 'छ', '।']"
96,फाइभजी संसद् बैठक स्थगित,क्रिकेट सम्बन्ध सरकार तर्फ चासो व्यक्त।,1,"['फाइभजी', 'संसद्', 'बैठक', 'स्थगित']","['क्रिकेट', 'सम्बन्धमा', 'सरकारको', 'तर्फबाट', 'चासो', 'व्यक्त', '।']"
97,एआई सम्बन्ध नयाँ मस्यौदा,फाइभजी को निर्णय व्यापक प्रतिक्रिया ल्याए छ।,0,"['एआई', 'सम्बन्धमा', 'नयाँ', 'मस्यौदा']","['फाइभजी', 'को', 'निर्णयले', 'व्यापक', 'प्रतिक्रिया', 'ल्याएको', 'छ', '।']"
98,ओलम्पिक संसद् बैठक स्थगित,क्रिकेट को भ्रमण आर्थिक विकास नयाँ ढोका खोल्ने अपेक्षा गरिए छ।,0,"['ओलम्पिक', 'संसद्', 'बैठक', 'स्थगित']","['क्रिकेट', 'को', 'भ्रमणले', 'आर्थिक', 'विकासको', 'नयाँ', 'ढोका', 'खोल्ने', 'अपेक्षा', 'गरिएको', 'छ', '।']"
99,भारत मा प्रधानमन्त्री नयाँ कदम,फाइभजी को निर्णय व्यापक प्रतिक्रिया ल्याए छ।,1,"['भारत', 'मा', 'प्रधानमन्त्रीको', 'नयाँ', 'कदम']","['फाइभजी', 'को', 'निर्णयले', 'व्यापक', 'प्रतिक्रिया', 'ल्याएको', 'छ', '।']"
100,ओलम्पिक मा नेपाल ऐतिहासिक जीत,नेपाल खेल दर्शक ध्यान ताने छ।,1,"['ओलम्पिक', 'मा', 'नेपालको', 'ऐतिहासिक', 'जीत']","['नेपाल', 'खेलले', 'दर्शकको', 'ध्यान', 'तानेको', 'छ', '।']"
101,फाइभजी संसद् बैठक स्थगित,नेपाल सम्बन्ध सरकार तर्फ चासो व्यक्त।,1,"['फाइभजी', 'संसद्', 'बैठक', 'स्थगित']","['नेपाल', 'सम्बन्धमा', 'सरकारको', 'तर्फबाट', 'चासो', 'व्यक्त', '।']"
102,फाइभजी ले नयाँ उपकरण सार्वजनिक गर्यो,चीन मा एआई प्रविधि प्रयोग सुधार ल्याउने अपेक्षा।,1,"['फाइभजी', 'ले', 'नयाँ', 'उपकरण', 'सार्वजनिक', 'गर्यो']","['चीन', 'मा', 'एआई', 'प्रविधिको', 'प्रयोगले', 'सुधार', 'ल्याउने', 'अपेक्षा', '।']"
103,भारत मा नेपाल ऐतिहासिक जीत,नेपाल खेल दर्शक ध्यान ताने छ।,0,"['भारत', 'मा', 'नेपालको', 'ऐतिहासिक', 'जीत']","['नेपाल', 'खेलले', 'दर्शकको', 'ध्यान', 'तानेको', 'छ', '।']"
104,नेपाल संसद् बैठक स्थगित,भारत सम्बन्ध सरकार तर्फ चासो व्यक्त।,1,"['नेपाल', 'संसद्', 'बैठक', 'स्थगित']","['भारत', 'सम्बन्धमा', 'सरकारको', 'तर्फबाट', 'चासो', 'व्यक्त', '।']"
105,क्रिकेट सम्बन्ध नयाँ मस्यौदा,क्रिकेट सम्बन्ध सरकार तर्फ चासो व्यक्त।,0,"['क्रिकेट', 'सम्बन्धमा', 'नयाँ', 'मस्यौदा']","['क्रिकेट', 'सम्बन्धमा', 'सरकारको', 'तर्फबाट', 'चासो', 'व्यक्त', '।']"
106,एआई मा नेपाल ऐतिहासिक जीत,भारत खेलाडी मेहनत स्वर्ण पदक नेपाल दिलायो।,0,"['एआई', 'मा', 'नेपालको', 'ऐतिहासिक', 'जीत']","['भारत', 'खेलाडीको', 'मेहनतले', 'स्वर्ण', 'पदक', 'नेपाललाई', 'दिलायो', '।']"
107,फाइभजी खेलाडी स्वर्ण जिते,फाइभजी प्रतियोगिता नेपाल ऐतिहासिक प्रदर्शन।,0,"['फाइभजी', 'खेलाडीले', 'स्वर्ण', 'जिते']","['फाइभजी', 'प्रतियोगितामा', 'नेपालको', 'ऐतिहासिक', 'प्रदर्शन', '।']"
108,ओलम्पिक प्रविधि नयाँ प्रयोग,फाइभजी को सुरुवात भविष्य गति थप्नेछ।,0,"['ओलम्पिक', 'प्रविधिको', 'नयाँ', 'प्रयोग']","['फाइभजी', 'को', 'सुरुवातले', 'भविष्यमा', 'गति', 'थप्नेछ', '।']"
109,ओलम्पिक संसद् बैठक स्थगित,फाइभजी सम्बन्ध सरकार तर्फ चासो व्यक्त।,0,"['ओलम्पिक', 'संसद्', 'बैठक', 'स्थगित']","['फाइभजी', 'सम्बन्धमा', 'सरकारको', 'तर्फबाट', 'चासो', 'व्यक्त', '।']"
110,नेपाल मा नेपाल ऐतिहासिक जीत,भारत खेल दर्शक ध्यान ताने छ।,0,"['नेपाल', 'मा', 'नेपालको', 'ऐतिहासिक', 'जीत']","['भारत', 'खेलले', 'दर्शकको', 'ध्यान', 'तानेको', 'छ', '।']"
111,क्रिकेट फाइनल खेल तयारी,भारत खेलाडी मेहनत स्वर्ण पदक नेपाल दिलायो।,1,"['क्रिकेट', 'फाइनल', 'खेलको', 'तयारी']","['भारत', 'खेलाडीको', 'मेहनतले', 'स्वर्ण', 'पदक', 'नेपाललाई', 'दिलायो', '।']"
112,फाइभजी नेटवर्क सुरुवात,नेपाल ले नयाँ उत्पाद बजार चकित पारे छ।,0,"['फाइभजी', 'नेटवर्कको', 'सुरुवात']","['नेपाल', 'ले', 'नयाँ', 'उत्पादले', 'बजारलाई', 'चकित', 'पारेको', 'छ', '।']"
113,एआई फाइनल खेल तयारी,चीन प्रतियोगिता नेपाल ऐतिहासिक प्रदर्शन।,1,"['एआई', 'फाइनल', 'खेलको', 'तयारी']","['चीन', 'प्रतियोगितामा', 'नेपालको', 'ऐतिहासिक', 'प्रदर्शन', '।']"
114,एआई फाइनल खेल तयारी,क्रिकेट खेलाडी मेहनत स्वर्ण पदक नेपाल दिलायो।,1,"['एआई', 'फाइनल', 'खेलको', 'तयारी']","['क्रिकेट', 'खेलाडीको', 'मेहनतले', 'स्वर्ण', 'पदक', 'नेपाललाई', 'दिलायो', '।']"
115,एआई फाइनल खेल तयारी,भारत खेल दर्शक ध्यान ताने छ।,1,"['एआई', 'फाइनल', 'खेलको', 'तयारी']","['भारत', 'खेलले', 'दर्शकको', 'ध्यान', 'तानेको', 'छ', '।']"
116,चीन ले नयाँ उपकरण सार्वजनिक गर्यो,एआई को सुरुवात भविष्य गति थप्नेछ।,1,"['चीन', 'ले', 'नयाँ', 'उपकरण', 'सार्वजनिक', 'गर्यो']","['एआई', 'को', 'सुरुवातले', 'भविष्यमा', 'गति', 'थप्नेछ', '।']"
117,एआई मा प्रधानमन्त्री नयाँ कदम,चीन को निर्णय व्यापक प्रतिक्रिया ल्याए छ।,1,"['एआई', 'मा', 'प्रधानमन्त्रीको', 'नयाँ', 'कदम']","['चीन', 'को', 'निर्णयले', 'व्यापक', 'प्रतिक्रिया', 'ल्याएको', 'छ', '।']"
118,क्रिकेट फाइनल खेल तयारी,भारत खेल दर्शक ध्यान ताने छ।,0,"['क्रिकेट', 'फाइनल', 'खेलको', 'तयारी']","['भारत', 'खेलले', 'दर्शकको', 'ध्यान', 'तानेको', 'छ', '।']"
119,भारत प्रविधि नयाँ प्रयोग,क्रिकेट ले नयाँ उत्पाद बजार चकित पारे छ।,0,"['भारत', 'प्रविधिको', 'नयाँ', 'प्रयोग']","['क्रिकेट', 'ले', 'नयाँ', 'उत्पादले', 'बजारलाई', 'चकित', 'पारेको', 'छ', '।']"
120,फाइभजी सम्बन्ध नयाँ मस्यौदा,फाइभजी को निर्णय व्यापक प्रतिक्रिया ल्याए छ।,0,"['फाइभजी', 'सम्बन्धमा', 'नयाँ', 'मस्यौदा']","['फाइभजी', 'को', 'निर्णयले', 'व्यापक', 'प्रतिक्रिया', 'ल्याएको', 'छ', '।']"
121,क्रिकेट नेटवर्क सुरुवात,भारत को सुरुवात भविष्य गति थप्नेछ।,1,"['क्रिकेट', 'नेटवर्कको', 'सुरुवात']","['भारत', 'को', 'सुरुवातले', 'भविष्यमा', 'गति', 'थप्नेछ', '।']"
122,ओलम्पिक नेटवर्क सुरुवात,ओलम्पिक ले नयाँ उत्पाद बजार चकित पारे छ।,1,"['ओलम्पिक', 'नेटवर्कको', 'सुरुवात']","['ओलम्पिक', 'ले', 'नयाँ', 'उत्पादले', 'बजारलाई', 'चकित', 'पारेको', 'छ', '।']"
123,क्रिकेट मा प्रधानमन्त्री नयाँ कदम,भारत को भ्रमण आर्थिक विकास नयाँ ढोका खोल्ने अपेक्षा गरिए छ।,1,"['क्रिकेट', 'मा', 'प्रधानमन्त्रीको', 'नयाँ', 'कदम']","['भारत', 'को', 'भ्रमणले', 'आर्थिक', 'विकासको', 'नयाँ', 'ढोका', 'खोल्ने', 'अपेक्षा', 'गरिएको', 'छ', '।']"
124,भारत संसद् बैठक स्थगित,क्रिकेट को निर्णय व्यापक प्रतिक्रिया ल्याए छ।,0,"['भारत', 'संसद्', 'बैठक', 'स्थगित']","['क्रिकेट', 'को', 'निर्णयले', 'व्यापक', 'प्रतिक्रिया', 'ल्याएको', 'छ', '।']"
125,नेपाल मा नेपाल ऐतिहासिक जीत,नेपाल खेलाडी मेहनत स्वर्ण पदक नेपाल दिलायो।,0,"['नेपाल', 'मा', 'नेपालको', 'ऐतिहासिक', 'जीत']","['नेपाल', 'खेलाडीको', 'मेहनतले', 'स्वर्ण', 'पदक', 'नेपाललाई', 'दिलायो', '।']"
126,ओलम्पिक नेटवर्क सुरुवात,एआई मा एआई प्रविधि प्रयोग सुधार ल्याउने अपेक्षा।,0,"['ओलम्पिक', 'नेटवर्कको', 'सुरुवात']","['एआई', 'मा', 'एआई', 'प्रविधिको', 'प्रयोगले', 'सुधार', 'ल्याउने', 'अपेक्षा', '।']"
127,फाइभजी सम्बन्ध नयाँ मस्यौदा,ओलम्पिक को भ्रमण आर्थिक विकास नयाँ ढोका खोल्ने अपेक्षा गरिए छ।,1,"['फाइभजी', 'सम्बन्धमा', 'नयाँ', 'मस्यौदा']","['ओलम्पिक', 'को', 'भ्रमणले', 'आर्थिक', 'विकासको', 'नयाँ', 'ढोका', 'खोल्ने', 'अपेक्षा', 'गरिएको', 'छ', '।']"
128,भारत नेटवर्क सुरुवात,ओलम्पिक ले नयाँ उत्पाद बजार चकित पारे छ।,0,"['भारत', 'नेटवर्कको', 'सुरुवात']","['ओलम्पिक', 'ले', 'नयाँ', 'उत्पादले', 'बजारलाई', 'चकित', 'पारेको', 'छ', '।']"
129,चीन फाइनल खेल तयारी,चीन खेल दर्शक ध्यान ताने छ।,1,"['चीन', 'फाइनल', 'खेलको', 'तयारी']","['चीन', 'खेलले', 'दर्शकको', 'ध्यान', 'तानेको', 'छ', '।']"
130,चीन फाइनल खेल तयारी,भारत खेल दर्शक ध्यान ताने छ।,0,"['चीन', 'फाइनल', 'खेलको', 'तयारी']","['भारत', 'खेलले', 'दर्शकको', 'ध्यान', 'तानेको', 'छ', '।']"
131,भारत प्रविधि नयाँ प्रयोग,भारत मा एआई प्रविधि प्रयोग सुधार ल्याउने अपेक्षा।,0,"['भारत', 'प्रविधिको', 'नयाँ', 'प्रयोग']","['भारत', 'मा', 'एआई', 'प्रविधिको', 'प्रयोगले', 'सुधार', 'ल्याउने', 'अपेक्षा', '।']"
132,फाइभजी ले नयाँ उपकरण सार्वजनिक गर्यो,ओलम्पिक ले नयाँ उत्पाद बजार चकित पारे छ।,0,"['फाइभजी', 'ले', 'नयाँ', 'उपकरण', 'सार्वजनिक', 'गर्यो']","['ओलम्पिक', 'ले', 'नयाँ', 'उत्पादले', 'बजारलाई', 'चकित', 'पारेको', 'छ', '।']"
133,एआई मा प्रधानमन्त्री नयाँ कदम,फाइभजी को भ्रमण आर्थिक विकास नयाँ ढोका खोल्ने अपेक्षा गरिए छ।,0,"['एआई', 'मा', 'प्रधानमन्त्रीको', 'नयाँ', 'कदम']","['फाइभजी', 'को', 'भ्रमणले', 'आर्थिक', 'विकासको', 'नयाँ', 'ढोका', 'खोल्ने', 'अपेक्षा', 'गरिएको', 'छ', '।']"
134,फाइभजी प्रविधि नयाँ प्रयोग,एआई मा एआई प्रविधि प्रयोग सुधार ल्याउने अपेक्षा।,1,"['फाइभजी', 'प्रविधिको', 'नयाँ', 'प्रयोग']","['एआई', 'मा', 'एआई', 'प्रविधिको', 'प्रयोगले', 'सुधार', 'ल्याउने', 'अपेक्षा', '।']"
135,एआई संसद् बैठक स्थगित,ओलम्पिक को भ्रमण आर्थिक विकास नयाँ ढोका खोल्ने अपेक्षा गरिए छ।,0,"['एआई', 'संसद्', 'बैठक', 'स्थगित']","['ओलम्पिक', 'को', 'भ्रमणले', 'आर्थिक', 'विकासको', 'नयाँ', 'ढोका', 'खोल्ने', 'अपेक्षा', 'गरिएको', 'छ', '।']"
136,चीन फाइनल खेल तयारी,एआई खेलाडी मेहनत स्वर्ण पदक नेपाल दिलायो।,1,"['चीन', 'फाइनल', 'खेलको', 'तयारी']","['एआई', 'खेलाडीको', 'मेहनतले', 'स्वर्ण', 'पदक', 'नेपाललाई', 'दिलायो', '।']"
137,भारत खेलाडी स्वर्ण जिते,चीन खेल दर्शक ध्यान ताने छ।,0,"['भारत', 'खेलाडीले', 'स्वर्ण', 'जिते']","['चीन', 'खेलले', 'दर्शकको', 'ध्यान', 'तानेको', 'छ', '।']"
138,नेपाल सम्बन्ध नयाँ मस्यौदा,क्रिकेट सम्बन्ध सरकार तर्फ चासो व्यक्त।,0,"['नेपाल', 'सम्बन्धमा', 'नयाँ', 'मस्यौदा']","['क्रिकेट', 'सम्बन्धमा', 'सरकारको', 'तर्फबाट', 'चासो', 'व्यक्त', '।']"
139,एआई मा प्रधानमन्त्री नयाँ कदम,भारत को निर्णय व्यापक प्रतिक्रिया ल्याए छ।,1,"['एआई', 'मा', 'प्रधानमन्त्रीको', 'नयाँ', 'कदम']","['भारत', 'को', 'निर्णयले', 'व्यापक', 'प्रतिक्रिया', 'ल्याएको', 'छ', '।']"
140,भारत नेटवर्क सुरुवात,ओलम्पिक ले नयाँ उत्पाद बजार चकित पारे छ।,0,"['भारत', 'नेटवर्कको', 'सुरुवात']","['ओलम्पिक', 'ले', 'नयाँ', 'उत्पादले', 'बजारलाई', 'चकित', 'पारेको', 'छ', '।']"
141,फाइभजी संसद् बैठक स्थगित,भारत को भ्रमण आर्थिक विकास नयाँ ढोका खोल्ने अपेक्षा गरिए छ।,1,"['फाइभजी', 'संसद्', 'बैठक', 'स्थगित']","['भारत', 'को', 'भ्रमणले', 'आर्थिक', 'विकासको', 'नयाँ', 'ढोका', 'खोल्ने', 'अपेक्षा', 'गरिएको', 'छ', '।']"
142,फाइभजी ले नयाँ उपकरण सार्वजनिक गर्यो,नेपाल ले नयाँ उत्पाद बजार चकित पारे छ।,0,"['फाइभजी', 'ले', 'नयाँ', 'उपकरण', 'सार्वजनिक', 'गर्यो']","['नेपाल', 'ले', 'नयाँ', 'उत्पादले', 'बजारलाई', 'चकित', 'पारेको', 'छ', '।']"
143,ओलम्पिक नेटवर्क सुरुवात,फाइभजी ले नयाँ उत्पाद बजार चकित पारे छ।,0,"['ओलम्पिक', 'नेटवर्कको', 'सुरुवात']","['फाइभजी', 'ले', 'नयाँ', 'उत्पादले', 'बजारलाई', 'चकित', 'पारेको', 'छ', '।']"
144,नेपाल नेटवर्क सुरुवात,नेपाल को सुरुवात भविष्य गति थप्नेछ।,1,"['नेपाल', 'नेटवर्कको', 'सुरुवात']","['नेपाल', 'को', 'सुरुवातले', 'भविष्यमा', 'गति', 'थप्नेछ', '।']"
145,चीन सम्बन्ध नयाँ मस्यौदा,फाइभजी सम्बन्ध सरकार तर्फ चासो व्यक्त।,0,"['चीन', 'सम्बन्धमा', 'नयाँ', 'मस्यौदा']","['फाइभजी', 'सम्बन्धमा', 'सरकारको', 'तर्फबाट', 'चासो', 'व्यक्त', '।']"
146,क्रिकेट प्रविधि नयाँ प्रयोग,फाइभजी ले नयाँ उत्पाद बजार चकित पारे छ।,0,"['क्रिकेट', 'प्रविधिको', 'नयाँ', 'प्रयोग']","['फाइभजी', 'ले', 'नयाँ', 'उत्पादले', 'बजारलाई', 'चकित', 'पारेको', 'छ', '।']"
147,एआई फाइनल खेल तयारी,चीन प्रतियोगिता नेपाल ऐतिहासिक प्रदर्शन।,0,"['एआई', 'फाइनल', 'खेलको', 'तयारी']","['चीन', 'प्रतियोगितामा', 'नेपालको', 'ऐतिहासिक', 'प्रदर्शन', '।']"
148,नेपाल मा प्रधानमन्त्री नयाँ कदम,चीन को निर्णय व्यापक प्रतिक्रिया ल्याए छ।,0,"['नेपाल', 'मा', 'प्रधानमन्त्रीको', 'नयाँ', 'कदम']","['चीन', 'को', 'निर्णयले', 'व्यापक', 'प्रतिक्रिया', 'ल्याएको', 'छ', '।']"
149,चीन ले नयाँ उपकरण सार्वजनिक गर्यो,नेपाल ले नयाँ उत्पाद बजार चकित पारे छ।,0,"['चीन', 'ले', 'नयाँ', 'उपकरण', 'सार्वजनिक', 'गर्यो']","['नेपाल', 'ले', 'नयाँ', 'उत्पादले', 'बजारलाई', 'चकित', 'पारेको', 'छ', '।']"
150,फाइभजी मा प्रधानमन्त्री नयाँ कदम,भारत को निर्णय व्यापक प्रतिक्रिया ल्याए छ।,0,"['फाइभजी', 'मा', 'प्रधानमन्त्रीको', 'नयाँ', 'कदम']","['भारत', 'को', 'निर्णयले', 'व्यापक', 'प्रतिक्रिया', 'ल्याएको', 'छ', '।']"
151,भारत नेटवर्क सुरुवात,एआई ले नयाँ उत्पाद बजार चकित पारे छ।,0,"['भारत', 'नेटवर्कको', 'सुरुवात']","['एआई', 'ले', 'नयाँ', 'उत्पादले', 'बजारलाई', 'चकित', 'पारेको', 'छ', '।']"
152,एआई संसद् बैठक स्थगित,नेपाल को भ्रमण आर्थिक विकास नयाँ ढोका खोल्ने अपेक्षा गरिए छ।,0,"['एआई', 'संसद्', 'बैठक', 'स्थगित']","['नेपाल', 'को', 'भ्रमणले', 'आर्थिक', 'विकासको', 'नयाँ', 'ढोका', 'खोल्ने', 'अपेक्षा', 'गरिएको', 'छ', '।']"
153,क्रिकेट मा प्रधानमन्त्री नयाँ कदम,एआई को भ्रमण आर्थिक विकास नयाँ ढोका खोल्ने अपेक्षा गरिए छ।,0,"['क्रिकेट', 'मा', 'प्रधानमन्त्रीको', 'नयाँ', 'कदम']","['एआई', 'को', 'भ्रमणले', 'आर्थिक', 'विकासको', 'नयाँ', 'ढोका', 'खोल्ने', 'अपेक्षा', 'गरिएको', 'छ', '।']"
154,क्रिकेट खेलाडी स्वर्ण जिते,एआई खेलाडी मेहनत स्वर्ण पदक नेपाल दिलायो।,1,"['क्रिकेट', 'खेलाडीले', 'स्वर्ण', 'जिते']","['एआई', 'खेलाडीको', 'मेहनतले', 'स्वर्ण', 'पदक', 'नेपाललाई', 'दिलायो', '।']"
155,फाइभजी खेलाडी स्वर्ण जिते,भारत खेल दर्शक ध्यान ताने छ।,0,"['फाइभजी', 'खेलाडीले', 'स्वर्ण', 'जिते']","['भारत', 'खेलले', 'दर्शकको', 'ध्यान', 'तानेको', 'छ', '।']"
156,एआई मा प्रधानमन्त्री नयाँ कदम,क्रिकेट को निर्णय व्यापक प्रतिक्रिया ल्याए छ।,1,"['एआई', 'मा', 'प्रधानमन्त्रीको', 'नयाँ', 'कदम']","['क्रिकेट', 'को', 'निर्णयले', 'व्यापक', 'प्रतिक्रिया', 'ल्याएको', 'छ', '।']"
157,एआई मा नेपाल ऐतिहासिक जीत,क्रिकेट प्रतियोगिता नेपाल ऐतिहासिक प्रदर्शन।,0,"['एआई', 'मा', 'नेपालको', 'ऐतिहासिक', 'जीत']","['क्रिकेट', 'प्रतियोगितामा', 'नेपालको', 'ऐतिहासिक', 'प्रदर्शन', '।']"
158,एआई संसद् बैठक स्थगित,भारत को भ्रमण आर्थिक विकास नयाँ ढोका खोल्ने अपेक्षा गरिए छ।,0,"['एआई', 'संसद्', 'बैठक', 'स्थगित']","['भारत', 'को', 'भ्रमणले', 'आर्थिक', 'विकासको', 'नयाँ', 'ढोका', 'खोल्ने', 'अपेक्षा', 'गरिएको', 'छ', '।']"
159,ओलम्पिक संसद् बैठक स्थगित,एआई सम्बन्ध सरकार तर्फ चासो व्यक्त।,0,"['ओलम्पिक', 'संसद्', 'बैठक', 'स्थगित']","['एआई', 'सम्बन्धमा', 'सरकारको', 'तर्फबाट', 'चासो', 'व्यक्त', '।']"
160,नेपाल मा नेपाल ऐतिहासिक जीत,क्रिकेट खेल दर्शक ध्यान ताने छ।,0,"['नेपाल', 'मा', 'नेपालको', 'ऐतिहासिक', 'जीत']","['क्रिकेट', 'खेलले', 'दर्शकको', 'ध्यान', 'तानेको', 'छ', '।']"
161,ओलम्पिक ले नयाँ उपकरण सार्वजनिक गर्यो,भारत को सुरुवात भविष्य गति थप्नेछ।,0,"['ओलम्पिक', 'ले', 'नयाँ', 'उपकरण', 'सार्वजनिक', 'गर्यो']","['भारत', 'को', 'सुरुवातले', 'भविष्यमा', 'गति', 'थप्नेछ', '।']"
162,भारत मा प्रधानमन्त्री नयाँ कदम,क्रिकेट सम्बन्ध सरकार तर्फ चासो व्यक्त।,1,"['भारत', 'मा', 'प्रधानमन्त्रीको', 'नयाँ', 'कदम']","['क्रिकेट', 'सम्बन्धमा', 'सरकारको', 'तर्फबाट', 'चासो', 'व्यक्त', '।']"
163,नेपाल संसद् बैठक स्थगित,फाइभजी को भ्रमण आर्थिक विकास नयाँ ढोका खोल्ने अपेक्षा गरिए छ।,0,"['नेपाल', 'संसद्', 'बैठक', 'स्थगित']","['फाइभजी', 'को', 'भ्रमणले', 'आर्थिक', 'विकासको', 'नयाँ', 'ढोका', 'खोल्ने', 'अपेक्षा', 'गरिएको', 'छ', '।']"
164,एआई खेलाडी स्वर्ण जिते,एआई खेल दर्शक ध्यान ताने छ।,0,"['एआई', 'खेलाडीले', 'स्वर्ण', 'जिते']","['एआई', 'खेलले', 'दर्शकको', 'ध्यान', 'तानेको', 'छ', '।']"
165,फाइभजी फाइनल खेल तयारी,भारत प्रतियोगिता नेपाल ऐतिहासिक प्रदर्शन।,1,"['फाइभजी', 'फाइनल', 'खेलको', 'तयारी']","['भारत', 'प्रतियोगितामा', 'नेपालको', 'ऐतिहासिक', 'प्रदर्शन', '।']"
166,एआई ले नयाँ उपकरण सार्वजनिक गर्यो,एआई ले नयाँ उत्पाद बजार चकित पारे छ।,0,"['एआई', 'ले', 'नयाँ', 'उपकरण', 'सार्वजनिक', 'गर्यो']","['एआई', 'ले', 'नयाँ', 'उत्पादले', 'बजारलाई', 'चकित', 'पारेको', 'छ', '।']"
167,फाइभजी मा नेपाल ऐतिहासिक जीत,फाइभजी प्रतियोगिता नेपाल ऐतिहासिक प्रदर्शन।,0,"['फाइभजी', 'मा', 'नेपालको', 'ऐतिहासिक', 'जीत']","['फाइभजी', 'प्रतियोगितामा', 'नेपालको', 'ऐतिहासिक', 'प्रदर्शन', '।']"
168,क्रिकेट ले नयाँ उपकरण सार्वजनिक गर्यो,क्रिकेट ले नयाँ उत्पाद बजार चकित पारे छ।,0,"['क्रिकेट', 'ले', 'नयाँ', 'उपकरण', 'सार्वजनिक', 'गर्यो']","['क्रिकेट', 'ले', 'नयाँ', 'उत्पादले', 'बजारलाई', 'चकित', 'पारेको', 'छ', '।']"
169,ओलम्पिक फाइनल खेल तयारी,क्रिकेट प्रतियोगिता नेपाल ऐतिहासिक प्रदर्शन।,0,"['ओलम्पिक', 'फाइनल', 'खेलको', 'तयारी']","['क्रिकेट', 'प्रतियोगितामा', 'नेपालको', 'ऐतिहासिक', 'प्रदर्शन', '।']"
170,भारत मा नेपाल ऐतिहासिक जीत,फाइभजी खेल दर्शक ध्यान ताने छ।,1,"['भारत', 'मा', 'नेपालको', 'ऐतिहासिक', 'जीत']","['फाइभजी', 'खेलले', 'दर्शकको', 'ध्यान', 'तानेको', 'छ', '।']"
171,क्रिकेट खेलाडी स्वर्ण जिते,क्रिकेट खेलाडी मेहनत स्वर्ण पदक नेपाल दिलायो।,0,"['क्रिकेट', 'खेलाडीले', 'स्वर्ण', 'जिते']","['क्रिकेट', 'खेलाडीको', 'मेहनतले', 'स्वर्ण', 'पदक', 'नेपाललाई', 'दिलायो', '।']"
172,नेपाल संसद् बैठक स्थगित,नेपाल सम्बन्ध सरकार तर्फ चासो व्यक्त।,0,"['नेपाल', 'संसद्', 'बैठक', 'स्थगित']","['नेपाल', 'सम्बन्धमा', 'सरकारको', 'तर्फबाट', 'चासो', 'व्यक्त', '।']"
173,भारत मा प्रधानमन्त्री नयाँ कदम,फाइभजी को भ्रमण आर्थिक विकास नयाँ ढोका खोल्ने अपेक्षा गरिए छ।,1,"['भारत', 'मा', 'प्रधानमन्त्रीको', 'नयाँ', 'कदम']","['फाइभजी', 'को', 'भ्रमणले', 'आर्थिक', 'विकासको', 'नयाँ', 'ढोका', 'खोल्ने', 'अपेक्षा', 'गरिएको', 'छ', '।']"
174,चीन ले नयाँ उपकरण सार्वजनिक गर्यो,ओलम्पिक मा एआई प्रविधि प्रयोग सुधार ल्याउने अपेक्षा।,0,"['चीन', 'ले', 'नयाँ', 'उपकरण', 'सार्वजनिक', 'गर्यो']","['ओलम्पिक', 'मा', 'एआई', 'प्रविधिको', 'प्रयोगले', 'सुधार', 'ल्याउने', 'अपेक्षा', '।']"
175,क्रिकेट फाइनल खेल तयारी,क्रिकेट प्रतियोगिता नेपाल ऐतिहासिक प्रदर्शन।,0,"['क्रिकेट', 'फाइनल', 'खेलको', 'तयारी']","['क्रिकेट', 'प्रतियोगितामा', 'नेपालको', 'ऐतिहासिक', 'प्रदर्शन', '।']"
176,ओलम्पिक नेटवर्क सुरुवात,चीन को सुरुवात भविष्य गति थप्नेछ।,1,"['ओलम्पिक', 'नेटवर्कको', 'सुरुवात']","['चीन', 'को', 'सुरुवातले', 'भविष्यमा', 'गति', 'थप्नेछ', '।']"
177,ओलम्पिक सम्बन्ध नयाँ मस्यौदा,फाइभजी को निर्णय व्यापक प्रतिक्रिया ल्याए छ।,0,"['ओलम्पिक', 'सम्बन्धमा', 'नयाँ', 'मस्यौदा']","['फाइभजी', 'को', 'निर्णयले', 'व्यापक', 'प्रतिक्रिया', 'ल्याएको', 'छ', '।']"
178,फाइभजी मा प्रधानमन्त्री नयाँ कदम,एआई सम्बन्ध सरकार तर्फ चासो व्यक्त।,0,"['फाइभजी', 'मा', 'प्रधानमन्त्रीको', 'नयाँ', 'कदम']","['एआई', 'सम्बन्धमा', 'सरकारको', 'तर्फबाट', 'चासो', 'व्यक्त', '।']"
179,नेपाल संसद् बैठक स्थगित,एआई सम्बन्ध सरकार तर्फ चासो व्यक्त।,1,"['नेपाल', 'संसद्', 'बैठक', 'स्थगित']","['एआई', 'सम्बन्धमा', 'सरकारको', 'तर्फबाट', 'चासो', 'व्यक्त', '।']"
180,क्रिकेट फाइनल खेल तयारी,एआई खेल दर्शक ध्यान ताने छ।,0,"['क्रिकेट', 'फाइनल', 'खेलको', 'तयारी']","['एआई', 'खेलले', 'दर्शकको', 'ध्यान', 'तानेको', 'छ', '।']"
181,भारत प्रविधि नयाँ प्रयोग,नेपाल को सुरुवात भविष्य गति थप्नेछ।,0,"['भारत', 'प्रविधिको', 'नयाँ', 'प्रयोग']","['नेपाल', 'को', 'सुरुवातले', 'भविष्यमा', 'गति', 'थप्नेछ', '।']"
182,नेपाल मा नेपाल ऐतिहासिक जीत,नेपाल खेल दर्शक ध्यान ताने छ।,1,"['नेपाल', 'मा', 'नेपालको', 'ऐतिहासिक', 'जीत']","['नेपाल', 'खेलले', 'दर्शकको', 'ध्यान', 'तानेको', 'छ', '।']"
183,भारत मा नेपाल ऐतिहासिक जीत,क्रिकेट खेल दर्शक ध्यान ताने छ।,1,"['भारत', 'मा', 'नेपालको', 'ऐतिहासिक', 'जीत']","['क्रिकेट', 'खेलले', 'दर्शकको', 'ध्यान', 'तानेको', 'छ', '।']"
184,ओलम्पिक मा प्रधानमन्त्री नयाँ कदम,एआई को निर्णय व्यापक प्रतिक्रिया ल्याए छ।,1,"['ओलम्पिक', 'मा', 'प्रधानमन्त्रीको', 'नयाँ', 'कदम']","['एआई', 'को', 'निर्णयले', 'व्यापक', 'प्रतिक्रिया', 'ल्याएको', 'छ', '।']"
185,ओलम्पिक नेटवर्क सुरुवात,एआई को सुरुवात भविष्य गति थप्नेछ।,0,"['ओलम्पिक', 'नेटवर्कको', 'सुरुवात']","['एआई', 'को', 'सुरुवातले', 'भविष्यमा', 'गति', 'थप्नेछ', '।']"
186,फाइभजी नेटवर्क सुरुवात,चीन मा एआई प्रविधि प्रयोग सुधार ल्याउने अपेक्षा।,0,"['फाइभजी', 'नेटवर्कको', 'सुरुवात']","['चीन', 'मा', 'एआई', 'प्रविधिको', 'प्रयोगले', 'सुधार', 'ल्याउने', 'अपेक्षा', '।']"
187,ओलम्पिक फाइनल खेल तयारी,क्रिकेट खेल दर्शक ध्यान ताने छ।,0,"['ओलम्पिक', 'फाइनल', 'खेलको', 'तयारी']","['क्रिकेट', 'खेलले', 'दर्शकको', 'ध्यान', 'तानेको', 'छ', '।']"
188,भारत संसद् बैठक स्थगित,फाइभजी सम्बन्ध सरकार तर्फ चासो व्यक्त।,1,"['भारत', 'संसद्', 'बैठक', 'स्थगित']","['फाइभजी', 'सम्बन्धमा', 'सरकारको', 'तर्फबाट', 'चासो', 'व्यक्त', '।']"
189,क्रिकेट फाइनल खेल तयारी,भारत खेलाडी मेहनत स्वर्ण पदक नेपाल दिलायो।,0,"['क्रिकेट', 'फाइनल', 'खेलको', 'तयारी']","['भारत', 'खेलाडीको', 'मेहनतले', 'स्वर्ण', 'पदक', 'नेपाललाई', 'दिलायो', '।']"
190,चीन ले नयाँ उपकरण सार्वजनिक गर्यो,चीन मा एआई प्रविधि प्रयोग सुधार ल्याउने अपेक्षा।,1,"['चीन', 'ले', 'नयाँ', 'उपकरण', 'सार्वजनिक', 'गर्यो']","['चीन', 'मा', 'एआई', 'प्रविधिको', 'प्रयोगले', 'सुधार', 'ल्याउने', 'अपेक्षा', '।']"
191,भारत मा प्रधानमन्त्री नयाँ कदम,फाइभजी को भ्रमण आर्थिक विकास नयाँ ढोका खोल्ने अपेक्षा गरिए छ।,1,"['भारत', 'मा', 'प्रधानमन्त्रीको', 'नयाँ', 'कदम']","['फाइभजी', 'को', 'भ्रमणले', 'आर्थिक', 'विकासको', 'नयाँ', 'ढोका', 'खोल्ने', 'अपेक्षा', 'गरिएको', 'छ', '।']"
192,क्रिकेट प्रविधि नयाँ प्रयोग,फाइभजी को सुरुवात भविष्य गति थप्नेछ।,1,"['क्रिकेट', 'प्रविधिको', 'नयाँ', 'प्रयोग']","['फाइभजी', 'को', 'सुरुवातले', 'भविष्यमा', 'गति', 'थप्नेछ', '।']"
193,एआई ले नयाँ उपकरण सार्वजनिक गर्यो,भारत ले नयाँ उत्पाद बजार चकित पारे छ।,1,"['एआई', 'ले', 'नयाँ', 'उपकरण', 'सार्वजनिक', 'गर्यो']","['भारत', 'ले', 'नयाँ', 'उत्पादले', 'बजारलाई', 'चकित', 'पारेको', 'छ', '।']"
194,एआई मा नेपाल ऐतिहासिक जीत,ओलम्पिक खेलाडी मेहनत स्वर्ण पदक नेपाल दिलायो।,1,"['एआई', 'मा', 'नेपालको', 'ऐतिहासिक', 'जीत']","['ओलम्पिक', 'खेलाडीको', 'मेहनतले', 'स्वर्ण', 'पदक', 'नेपाललाई', 'दिलायो', '।']"
195,फाइभजी फाइनल खेल तयारी,एआई खेलाडी मेहनत स्वर्ण पदक नेपाल दिलायो।,1,"['फाइभजी', 'फाइनल', 'खेलको', 'तयारी']","['एआई', 'खेलाडीको', 'मेहनतले', 'स्वर्ण', 'पदक', 'नेपाललाई', 'दिलायो', '।']"
196,फाइभजी फाइनल खेल तयारी,एआई खेलाडी मेहनत स्वर्ण पदक नेपाल दिलायो।,0,"['फाइभजी', 'फाइनल', 'खेलको', 'तयारी']","['एआई', 'खेलाडीको', 'मेहनतले', 'स्वर्ण', 'पदक', 'नेपाललाई', 'दिलायो', '।']"
197,क्रिकेट नेटवर्क सुरुवात,फाइभजी मा एआई प्रविधि प्रयोग सुधार ल्याउने अपेक्षा।,0,"['क्रिकेट', 'नेटवर्कको', 'सुरुवात']","['फाइभजी', 'मा', 'एआई', 'प्रविधिको', 'प्रयोगले', 'सुधार', 'ल्याउने', 'अपेक्षा', '।']"
198,चीन सम्बन्ध नयाँ मस्यौदा,ओलम्पिक सम्बन्ध सरकार तर्फ चासो व्यक्त।,1,"['चीन', 'सम्बन्धमा', 'नयाँ', 'मस्यौदा']","['ओलम्पिक', 'सम्बन्धमा', 'सरकारको', 'तर्फबाट', 'चासो', 'व्यक्त', '।']"
199,चीन सम्बन्ध नयाँ मस्यौदा,ओलम्पिक को निर्णय व्यापक प्रतिक्रिया ल्याए छ।,1,"['चीन', 'सम्बन्धमा', 'नयाँ', 'मस्यौदा']","['ओलम्पिक', 'को', 'निर्णयले', 'व्यापक', 'प्रतिक्रिया', 'ल्याएको', 'छ', '।']"
200,भारत मा प्रधानमन्त्री नयाँ कदम,क्रिकेट को भ्रमण आर्थिक विकास नयाँ ढोका खोल्ने अपेक्षा गरिए छ।,1,"['भारत', 'मा', 'प्रधानमन्त्रीको', 'नयाँ', 'कदम']","['क्रिकेट', 'को', 'भ्रमणले', 'आर्थिक', 'विकासको', 'नयाँ', 'ढोका', 'खोल्ने', 'अपेक्षा', 'गरिएको', 'छ', '।']"
201,चीन सम्बन्ध नयाँ मस्यौदा,ओलम्पिक को भ्रमण आर्थिक विकास नयाँ ढोका खोल्ने अपेक्षा गरिए छ।,0,"['चीन', 'सम्बन्धमा', 'नयाँ', 'मस्यौदा']","['ओलम्पिक', 'को', 'भ्रमणले', 'आर्थिक', 'विकासको', 'नयाँ', 'ढोका', 'खोल्ने', 'अपेक्षा', 'गरिएको', 'छ', '।']"
202,क्रिकेट फाइनल खेल तयारी,भारत प्रतियोगिता नेपाल ऐतिहासिक प्रदर्शन।,0,"['क्रिकेट', 'फाइनल', 'खेलको', 'तयारी']","['भारत', 'प्रतियोगितामा', 'नेपालको', 'ऐतिहासिक', 'प्रदर्शन', '।']"
203,एआई ले नयाँ उपकरण सार्वजनिक गर्यो,क्रिकेट को सुरुवात भविष्य गति थप्नेछ।,0,"['एआई', 'ले', 'नयाँ', 'उपकरण', 'सार्वजनिक', 'गर्यो']","['क्रिकेट', 'को', 'सुरुवातले', 'भविष्यमा', 'गति', 'थप्नेछ', '।']"
204,एआई प्रविधि नयाँ प्रयोग,फाइभजी ले नयाँ उत्पाद बजार चकित पारे छ।,0,"['एआई', 'प्रविधिको', 'नयाँ', 'प्रयोग']","['फाइभजी', 'ले', 'नयाँ', 'उत्पादले', 'बजारलाई', 'चकित', 'पारेको', 'छ', '।']"
205,चीन मा प्रधानमन्त्री नयाँ कदम,एआई सम्बन्ध सरकार तर्फ चासो व्यक्त।,0,"['चीन', 'मा', 'प्रधानमन्त्रीको', 'नयाँ', 'कदम']","['एआई', 'सम्बन्धमा', 'सरकारको', 'तर्फबाट', 'चासो', 'व्यक्त', '।']"
206,नेपाल फाइनल खेल तयारी,नेपाल खेलाडी मेहनत स्वर्ण पदक नेपाल दिलायो।,1,"['नेपाल', 'फाइनल', 'खेलको', 'तयारी']","['नेपाल', 'खेलाडीको', 'मेहनतले', 'स्वर्ण', 'पदक', 'नेपाललाई', 'दिलायो', '।']"
207,नेपाल फाइनल खेल तयारी,क्रिकेट प्रतियोगिता नेपाल ऐतिहासिक प्रदर्शन।,0,"['नेपाल', 'फाइनल', 'खेलको', 'तयारी']","['क्रिकेट', 'प्रतियोगितामा', 'नेपालको', 'ऐतिहासिक', 'प्रदर्शन', '।']"
208,भारत नेटवर्क सुरुवात,एआई मा एआई प्रविधि प्रयोग सुधार ल्याउने अपेक्षा।,0,"['भारत', 'नेटवर्कको', 'सुरुवात']","['एआई', 'मा', 'एआई', 'प्रविधिको', 'प्रयोगले', 'सुधार', 'ल्याउने', 'अपेक्षा', '।']"
209,ओलम्पिक ले नयाँ उपकरण सार्वजनिक गर्यो,एआई मा एआई प्रविधि प्रयोग सुधार ल्याउने अपेक्षा।,0,"['ओलम्पिक', 'ले', 'नयाँ', 'उपकरण', 'सार्वजनिक', 'गर्यो']","['एआई', 'मा', 'एआई', 'प्रविधिको', 'प्रयोगले', 'सुधार', 'ल्याउने', 'अपेक्षा', '।']"
210,क्रिकेट फाइनल खेल तयारी,ओलम्पिक प्रतियोगिता नेपाल ऐतिहासिक प्रदर्शन।,0,"['क्रिकेट', 'फाइनल', 'खेलको', 'तयारी']","['ओलम्पिक', 'प्रतियोगितामा', 'नेपालको', 'ऐतिहासिक', 'प्रदर्शन', '।']"
211,क्रिकेट मा नेपाल ऐतिहासिक जीत,फाइभजी खेलाडी मेहनत स्वर्ण पदक नेपाल दिलायो।,1,"['क्रिकेट', 'मा', 'नेपालको', 'ऐतिहासिक', 'जीत']","['फाइभजी', 'खेलाडीको', 'मेहनतले', 'स्वर्ण', 'पदक', 'नेपाललाई', 'दिलायो', '।']"
212,एआई नेटवर्क सुरुवात,नेपाल को सुरुवात भविष्य गति थप्नेछ।,0,"['एआई', 'नेटवर्कको', 'सुरुवात']","['नेपाल', 'को', 'सुरुवातले', 'भविष्यमा', 'गति', 'थप्नेछ', '।']"
213,फाइभजी सम्बन्ध नयाँ मस्यौदा,चीन को निर्णय व्यापक प्रतिक्रिया ल्याए छ।,0,"['फाइभजी', 'सम्बन्धमा', 'नयाँ', 'मस्यौदा']","['चीन', 'को', 'निर्णयले', 'व्यापक', 'प्रतिक्रिया', 'ल्याएको', 'छ', '।']"
214,भारत प्रविधि नयाँ प्रयोग,फाइभजी मा एआई प्रविधि प्रयोग सुधार ल्याउने अपेक्षा।,0,"['भारत', 'प्रविधिको', 'नयाँ', 'प्रयोग']","['फाइभजी', 'मा', 'एआई', 'प्रविधिको', 'प्रयोगले', 'सुधार', 'ल्याउने', 'अपेक्षा', '।']"
215,क्रिकेट ले नयाँ उपकरण सार्वजनिक गर्यो,ओलम्पिक को सुरुवात भविष्य गति थप्नेछ।,1,"['क्रिकेट', 'ले', 'नयाँ', 'उपकरण', 'सार्वजनिक', 'गर्यो']","['ओलम्पिक', 'को', 'सुरुवातले', 'भविष्यमा', 'गति', 'थप्नेछ', '।']"
216,चीन मा प्रधानमन्त्री नयाँ कदम,ओलम्पिक को निर्णय व्यापक प्रतिक्रिया ल्याए छ।,0,"['चीन', 'मा', 'प्रधानमन्त्रीको', 'नयाँ', 'कदम']","['ओलम्पिक', 'को', 'निर्णयले', 'व्यापक', 'प्रतिक्रिया', 'ल्याएको', 'छ', '।']"
217,ओलम्पिक सम्बन्ध नयाँ मस्यौदा,ओलम्पिक को निर्णय व्यापक प्रतिक्रिया ल्याए छ।,1,"['ओलम्पिक', 'सम्बन्धमा', 'नयाँ', 'मस्यौदा']","['ओलम्पिक', 'को', 'निर्णयले', 'व्यापक', 'प्रतिक्रिया', 'ल्याएको', 'छ', '।']"
218,फाइभजी मा प्रधानमन्त्री नयाँ कदम,भारत को भ्रमण आर्थिक विकास नयाँ ढोका खोल्ने अपेक्षा गरिए छ।,0,"['फाइभजी', 'मा', 'प्रधानमन्त्रीको', 'नयाँ', 'कदम']","['भारत', 'को', 'भ्रमणले', 'आर्थिक', 'विकासको', 'नयाँ', 'ढोका', 'खोल्ने', 'अपेक्षा', 'गरिएको', 'छ', '।']"
219,भारत मा नेपाल ऐतिहासिक जीत,फाइभजी खेल दर्शक ध्यान ताने छ।,0,"['भारत', 'मा', 'नेपालको', 'ऐतिहासिक', 'जीत']","['फाइभजी', 'खेलले', 'दर्शकको', 'ध्यान', 'तानेको', 'छ', '।']"
220,ओलम्पिक ले नयाँ उपकरण सार्वजनिक गर्यो,चीन मा एआई प्रविधि प्रयोग सुधार ल्याउने अपेक्षा।,0,"['ओलम्पिक', 'ले', 'नयाँ', 'उपकरण', 'सार्वजनिक', 'गर्यो']","['चीन', 'मा', 'एआई', 'प्रविधिको', 'प्रयोगले', 'सुधार', 'ल्याउने', 'अपेक्षा', '।']"
221,नेपाल मा प्रधानमन्त्री नयाँ कदम,क्रिकेट को निर्णय व्यापक प्रतिक्रिया ल्याए छ।,0,"['नेपाल', 'मा', 'प्रधानमन्त्रीको', 'नयाँ', 'कदम']","['क्रिकेट', 'को', 'निर्णयले', 'व्यापक', 'प्रतिक्रिया', 'ल्याएको', 'छ', '।']"
222,एआई सम्बन्ध नयाँ मस्यौदा,एआई को भ्रमण आर्थिक विकास नयाँ ढोका खोल्ने अपेक्षा गरिए छ।,1,"['एआई', 'सम्बन्धमा', 'नयाँ', 'मस्यौदा']","['एआई', 'को', 'भ्रमणले', 'आर्थिक', 'विकासको', 'नयाँ', 'ढोका', 'खोल्ने', 'अपेक्षा', 'गरिएको', 'छ', '।']"
223,ओलम्पिक मा नेपाल ऐतिहासिक जीत,क्रिकेट खेलाडी मेहनत स्वर्ण पदक नेपाल दिलायो।,0,"['ओलम्पिक', 'मा', 'नेपालको', 'ऐतिहासिक', 'जीत']","['क्रिकेट', 'खेलाडीको', 'मेहनतले', 'स्वर्ण', 'पदक', 'नेपाललाई', 'दिलायो', '।']"
224,नेपाल सम्बन्ध नयाँ मस्यौदा,फाइभजी को भ्रमण आर्थिक विकास नयाँ ढोका खोल्ने अपेक्षा गरिए छ।,1,"['नेपाल', 'सम्बन्धमा', 'नयाँ', 'मस्यौदा']","['फाइभजी', 'को', 'भ्रमणले', 'आर्थिक', 'विकासको', 'नयाँ', 'ढोका', 'खोल्ने', 'अपेक्षा', 'गरिएको', 'छ', '।']"
225,ओलम्पिक मा नेपाल ऐतिहासिक जीत,चीन खेलाडी मेहनत स्वर्ण पदक नेपाल दिलायो।,0,"['ओलम्पिक', 'मा', 'नेपालको', 'ऐतिहासिक', 'जीत']","['चीन', 'खेलाडीको', 'मेहनतले', 'स्वर्ण', 'पदक', 'नेपाललाई', 'दिलायो', '।']"
226,फाइभजी सम्बन्ध नयाँ मस्यौदा,चीन को भ्रमण आर्थिक विकास नयाँ ढोका खोल्ने अपेक्षा गरिए छ।,0,"['फाइभजी', 'सम्बन्धमा', 'नयाँ', 'मस्यौदा']","['चीन', 'को', 'भ्रमणले', 'आर्थिक', 'विकासको', 'नयाँ', 'ढोका', 'खोल्ने', 'अपेक्षा', 'गरिएको', 'छ', '।']"
227,ओलम्पिक फाइनल खेल तयारी,फाइभजी खेलाडी मेहनत स्वर्ण पदक नेपाल दिलायो।,1,"['ओलम्पिक', 'फाइनल', 'खेलको', 'तयारी']","['फाइभजी', 'खेलाडीको', 'मेहनतले', 'स्वर्ण', 'पदक', 'नेपाललाई', 'दिलायो', '।']"
228,नेपाल ले नयाँ उपकरण सार्वजनिक गर्यो,नेपाल ले नयाँ उत्पाद बजार चकित पारे छ।,0,"['नेपाल', 'ले', 'नयाँ', 'उपकरण', 'सार्वजनिक', 'गर्यो']","['नेपाल', 'ले', 'नयाँ', 'उत्पादले', 'बजारलाई', 'चकित', 'पारेको', 'छ', '।']"
229,चीन नेटवर्क सुरुवात,फाइभजी मा एआई प्रविधि प्रयोग सुधार ल्याउने अपेक्षा।,0,"['चीन', 'नेटवर्कको', 'सुरुवात']","['फाइभजी', 'मा', 'एआई', 'प्रविधिको', 'प्रयोगले', 'सुधार', 'ल्याउने', 'अपेक्षा', '।']"
230,चीन मा नेपाल ऐतिहासिक जीत,भारत खेलाडी मेहनत स्वर्ण पदक नेपाल दिलायो।,0,"['चीन', 'मा', 'नेपालको', 'ऐतिहासिक', 'जीत']","['भारत', 'खेलाडीको', 'मेहनतले', 'स्वर्ण', 'पदक', 'नेपाललाई', 'दिलायो', '।']"
231,फाइभजी संसद् बैठक स्थगित,चीन को भ्रमण आर्थिक विकास नयाँ ढोका खोल्ने अपेक्षा गरिए छ।,0,"['फाइभजी', 'संसद्', 'बैठक', 'स्थगित']","['चीन', 'को', 'भ्रमणले', 'आर्थिक', 'विकासको', 'नयाँ', 'ढोका', 'खोल्ने', 'अपेक्षा', 'गरिएको', 'छ', '।']"
232,ओलम्पिक संसद् बैठक स्थगित,नेपाल को भ्रमण आर्थिक विकास नयाँ ढोका खोल्ने अपेक्षा गरिए छ।,0,"['ओलम्पिक', 'संसद्', 'बैठक', 'स्थगित']","['नेपाल', 'को', 'भ्रमणले', 'आर्थिक', 'विकासको', 'नयाँ', 'ढोका', 'खोल्ने', 'अपेक्षा', 'गरिएको', 'छ', '।']"
233,एआई ले नयाँ उपकरण सार्वजनिक गर्यो,क्रिकेट मा एआई प्रविधि प्रयोग सुधार ल्याउने अपेक्षा।,0,"['एआई', 'ले', 'नयाँ', 'उपकरण', 'सार्वजनिक', 'गर्यो']","['क्रिकेट', 'मा', 'एआई', 'प्रविधिको', 'प्रयोगले', 'सुधार', 'ल्याउने', 'अपेक्षा', '।']"
234,भारत मा नेपाल ऐतिहासिक जीत,ओलम्पिक खेलाडी मेहनत स्वर्ण पदक नेपाल दिलायो।,1,"['भारत', 'मा', 'नेपालको', 'ऐतिहासिक', 'जीत']","['ओलम्पिक', 'खेलाडीको', 'मेहनतले', 'स्वर्ण', 'पदक', 'नेपाललाई', 'दिलायो', '।']"
235,क्रिकेट नेटवर्क सुरुवात,फाइभजी को सुरुवात भविष्य गति थप्नेछ।,1,"['क्रिकेट', 'नेटवर्कको', 'सुरुवात']","['फाइभजी', 'को', 'सुरुवातले', 'भविष्यमा', 'गति', 'थप्नेछ', '।']"
236,चीन ले नयाँ उपकरण सार्वजनिक गर्यो,भारत मा एआई प्रविधि प्रयोग सुधार ल्याउने अपेक्षा।,0,"['चीन', 'ले', 'नयाँ', 'उपकरण', 'सार्वजनिक', 'गर्यो']","['भारत', 'मा', 'एआई', 'प्रविधिको', 'प्रयोगले', 'सुधार', 'ल्याउने', 'अपेक्षा', '।']"
237,फाइभजी नेटवर्क सुरुवात,फाइभजी को सुरुवात भविष्य गति थप्नेछ।,1,"['फाइभजी', 'नेटवर्कको', 'सुरुवात']","['फाइभजी', 'को', 'सुरुवातले', 'भविष्यमा', 'गति', 'थप्नेछ', '।']"
238,फाइभजी सम्बन्ध नयाँ मस्यौदा,फाइभजी को निर्णय व्यापक प्रतिक्रिया ल्याए छ।,0,"['फाइभजी', 'सम्बन्धमा', 'नयाँ', 'मस्यौदा']","['फाइभजी', 'को', 'निर्णयले', 'व्यापक', 'प्रतिक्रिया', 'ल्याएको', 'छ', '।']"
239,भारत मा प्रधानमन्त्री नयाँ कदम,चीन को भ्रमण आर्थिक विकास नयाँ ढोका खोल्ने अपेक्षा गरिए छ।,1,"['भारत', 'मा', 'प्रधानमन्त्रीको', 'नयाँ', 'कदम']","['चीन', 'को', 'भ्रमणले', 'आर्थिक', 'विकासको', 'नयाँ', 'ढोका', 'खोल्ने', 'अपेक्षा', 'गरिएको', 'छ', '।']"
240,चीन मा प्रधानमन्त्री नयाँ कदम,क्रिकेट को निर्णय व्यापक प्रतिक्रिया ल्याए छ।,0,"['चीन', 'मा', 'प्रधानमन्त्रीको', 'नयाँ', 'कदम']","['क्रिकेट', 'को', 'निर्णयले', 'व्यापक', 'प्रतिक्रिया', 'ल्याएको', 'छ', '।']"
241,फाइभजी प्रविधि नयाँ प्रयोग,फाइभजी ले नयाँ उत्पाद बजार चकित पारे छ।,0,"['फाइभजी', 'प्रविधिको', 'नयाँ', 'प्रयोग']","['फाइभजी', 'ले', 'नयाँ', 'उत्पादले', 'बजारलाई', 'चकित', 'पारेको', 'छ', '।']"
242,क्रिकेट नेटवर्क सुरुवात,चीन मा एआई प्रविधि प्रयोग सुधार ल्याउने अपेक्षा।,0,"['क्रिकेट', 'नेटवर्कको', 'सुरुवात']","['चीन', 'मा', 'एआई', 'प्रविधिको', 'प्रयोगले', 'सुधार', 'ल्याउने', 'अपेक्षा', '।']"
243,भारत सम्बन्ध नयाँ मस्यौदा,फाइभजी को निर्णय व्यापक प्रतिक्रिया ल्याए छ।,1,"['भारत', 'सम्बन्धमा', 'नयाँ', 'मस्यौदा']","['फाइभजी', 'को', 'निर्णयले', 'व्यापक', 'प्रतिक्रिया', 'ल्याएको', 'छ', '।']"
244,चीन संसद् बैठक स्थगित,फाइभजी सम्बन्ध सरकार तर्फ चासो व्यक्त।,1,"['चीन', 'संसद्', 'बैठक', 'स्थगित']","['फाइभजी', 'सम्बन्धमा', 'सरकारको', 'तर्फबाट', 'चासो', 'व्यक्त', '।']"
245,फाइभजी प्रविधि नयाँ प्रयोग,नेपाल ले नयाँ उत्पाद बजार चकित पारे छ।,0,"['फाइभजी', 'प्रविधिको', 'नयाँ', 'प्रयोग']","['नेपाल', 'ले', 'नयाँ', 'उत्पादले', 'बजारलाई', 'चकित', 'पारेको', 'छ', '।']"
246,भारत सम्बन्ध नयाँ मस्यौदा,चीन सम्बन्ध सरकार तर्फ चासो व्यक्त।,1,"['भारत', 'सम्बन्धमा', 'नयाँ', 'मस्यौदा']","['चीन', 'सम्बन्धमा', 'सरकारको', 'तर्फबाट', 'चासो', 'व्यक्त', '।']"
247,चीन सम्बन्ध नयाँ मस्यौदा,चीन सम्बन्ध सरकार तर्फ चासो व्यक्त।,0,"['चीन', 'सम्बन्धमा', 'नयाँ', 'मस्यौदा']","['चीन', 'सम्बन्धमा', 'सरकारको', 'तर्फबाट', 'चासो', 'व्यक्त', '।']"
248,भारत सम्बन्ध नयाँ मस्यौदा,चीन को निर्णय व्यापक प्रतिक्रिया ल्याए छ।,0,"['भारत', 'सम्बन्धमा', 'नयाँ', 'मस्यौदा']","['चीन', 'को', 'निर्णयले', 'व्यापक', 'प्रतिक्रिया', 'ल्याएको', 'छ', '।']"
249,नेपाल नेटवर्क सुरुवात,ओलम्पिक को सुरुवात भविष्य गति थप्नेछ।,1,"['नेपाल', 'नेटवर्कको', 'सुरुवात']","['ओलम्पिक', 'को', 'सुरुवातले', 'भविष्यमा', 'गति', 'थप्नेछ', '।']"
250,क्रिकेट संसद् बैठक स्थगित,ओलम्पिक सम्बन्ध सरकार तर्फ चासो व्यक्त।,0,"['क्रिकेट', 'संसद्', 'बैठक', 'स्थगित']","['ओलम्पिक', 'सम्बन्धमा', 'सरकारको', 'तर्फबाट', 'चासो', 'व्यक्त', '।']"
251,भारत संसद् बैठक स्थगित,क्रिकेट को भ्रमण आर्थिक विकास नयाँ ढोका खोल्ने अपेक्षा गरिए छ।,0,"['भारत', 'संसद्', 'बैठक', 'स्थगित']","['क्रिकेट', 'को', 'भ्रमणले', 'आर्थिक', 'विकासको', 'नयाँ', 'ढोका', 'खोल्ने', 'अपेक्षा', 'गरिएको', 'छ', '।']"
252,भारत मा नेपाल ऐतिहासिक जीत,एआई प्रतियोगिता नेपाल ऐतिहासिक प्रदर्शन।,1,"['भारत', 'मा', 'नेपालको', 'ऐतिहासिक', 'जीत']","['एआई', 'प्रतियोगितामा', 'नेपालको', 'ऐतिहासिक', 'प्रदर्शन', '।']"
253,क्रिकेट नेटवर्क सुरुवात,नेपाल मा एआई प्रविधि प्रयोग सुधार ल्याउने अपेक्षा।,0,"['क्रिकेट', 'नेटवर्कको', 'सुरुवात']","['नेपाल', 'मा', 'एआई', 'प्रविधिको', 'प्रयोगले', 'सुधार', 'ल्याउने', 'अपेक्षा', '।']"
254,फाइभजी ले नयाँ उपकरण सार्वजनिक गर्यो,भारत ले नयाँ उत्पाद बजार चकित पारे छ।,1,"['फाइभजी', 'ले', 'नयाँ', 'उपकरण', 'सार्वजनिक', 'गर्यो']","['भारत', 'ले', 'नयाँ', 'उत्पादले', 'बजारलाई', 'चकित', 'पारेको', 'छ', '।']"
255,एआई ले नयाँ उपकरण सार्वजनिक गर्यो,भारत मा एआई प्रविधि प्रयोग सुधार ल्याउने अपेक्षा।,0,"['एआई', 'ले', 'नयाँ', 'उपकरण', 'सार्वजनिक', 'गर्यो']","['भारत', 'मा', 'एआई', 'प्रविधिको', 'प्रयोगले', 'सुधार', 'ल्याउने', 'अपेक्षा', '।']"
256,ओलम्पिक सम्बन्ध नयाँ मस्यौदा,भारत को भ्रमण आर्थिक विकास नयाँ ढोका खोल्ने अपेक्षा गरिए छ।,0,"['ओलम्पिक', 'सम्बन्धमा', 'नयाँ', 'मस्यौदा']","['भारत', 'को', 'भ्रमणले', 'आर्थिक', 'विकासको', 'नयाँ', 'ढोका', 'खोल्ने', 'अपेक्षा', 'गरिएको', 'छ', '।']"
257,एआई मा नेपाल ऐतिहासिक जीत,एआई प्रतियोगिता नेपाल ऐतिहासिक प्रदर्शन।,1,"['एआई', 'मा', 'नेपालको', 'ऐतिहासिक', 'जीत']","['एआई', 'प्रतियोगितामा', 'नेपालको', 'ऐतिहासिक', 'प्रदर्शन', '।']"
258,ओलम्पिक संसद् बैठक स्थगित,फाइभजी सम्बन्ध सरकार तर्फ चासो व्यक्त।,1,"['ओलम्पिक', 'संसद्', 'बैठक', 'स्थगित']","['फाइभजी', 'सम्बन्धमा', 'सरकारको', 'तर्फबाट', 'चासो', 'व्यक्त', '।']"
259,एआई मा प्रधानमन्त्री नयाँ कदम,ओलम्पिक सम्बन्ध सरकार तर्फ चासो व्यक्त।,1,"['एआई', 'मा', 'प्रधानमन्त्रीको', 'नयाँ', 'कदम']","['ओलम्पिक', 'सम्बन्धमा', 'सरकारको', 'तर्फबाट', 'चासो', 'व्यक्त', '।']"
260,चीन ले नयाँ उपकरण सार्वजनिक गर्यो,भारत ले नयाँ उत्पाद बजार चकित पारे छ।,0,"['चीन', 'ले', 'नयाँ', 'उपकरण', 'सार्वजनिक', 'गर्यो']","['भारत', 'ले', 'नयाँ', 'उत्पादले', 'बजारलाई', 'चकित', 'पारेको', 'छ', '।']"
261,भारत खेलाडी स्वर्ण जिते,चीन खेलाडी मेहनत स्वर्ण पदक नेपाल दिलायो।,0,"['भारत', 'खेलाडीले', 'स्वर्ण', 'जिते']","['चीन', 'खेलाडीको', 'मेहनतले', 'स्वर्ण', 'पदक', 'नेपाललाई', 'दिलायो', '।']"
262,फाइभजी ले नयाँ उपकरण सार्वजनिक गर्यो,क्रिकेट ले नयाँ उत्पाद बजार चकित पारे छ।,1,"['फाइभजी', 'ले', 'नयाँ', 'उपकरण', 'सार्वजनिक', 'गर्यो']","['क्रिकेट', 'ले', 'नयाँ', 'उत्पादले', 'बजारलाई', 'चकित', 'पारेको', 'छ', '।']"
263,ओलम्पिक नेटवर्क सुरुवात,ओलम्पिक मा एआई प्रविधि प्रयोग सुधार ल्याउने अपेक्षा।,1,"['ओलम्पिक', 'नेटवर्कको', 'सुरुवात']","['ओलम्पिक', 'मा', 'एआई', 'प्रविधिको', 'प्रयोगले', 'सुधार', 'ल्याउने', 'अपेक्षा', '।']"
264,क्रिकेट खेलाडी स्वर्ण जिते,फाइभजी प्रतियोगिता नेपाल ऐतिहासिक प्रदर्शन।,0,"['क्रिकेट', 'खेलाडीले', 'स्वर्ण', 'जिते']","['फाइभजी', 'प्रतियोगितामा', 'नेपालको', 'ऐतिहासिक', 'प्रदर्शन', '।']"
265,नेपाल नेटवर्क सुरुवात,फाइभजी मा एआई प्रविधि प्रयोग सुधार ल्याउने अपेक्षा।,1,"['नेपाल', 'नेटवर्कको', 'सुरुवात']","['फाइभजी', 'मा', 'एआई', 'प्रविधिको', 'प्रयोगले', 'सुधार', 'ल्याउने', 'अपेक्षा', '।']"
266,भारत संसद् बैठक स्थगित,फाइभजी सम्बन्ध सरकार तर्फ चासो व्यक्त।,0,"['भारत', 'संसद्', 'बैठक', 'स्थगित']","['फाइभजी', 'सम्बन्धमा', 'सरकारको', 'तर्फबाट', 'चासो', 'व्यक्त', '।']"
267,नेपाल फाइनल खेल तयारी,ओलम्पिक प्रतियोगिता नेपाल ऐतिहासिक प्रदर्शन।,0,"['नेपाल', 'फाइनल', 'खेलको', 'तयारी']","['ओलम्पिक', 'प्रतियोगितामा', 'नेपालको', 'ऐतिहासिक', 'प्रदर्शन', '।']"
268,भारत ले नयाँ उपकरण सार्वजनिक गर्यो,भारत को सुरुवात भविष्य गति थप्नेछ।,1,"['भारत', 'ले', 'नयाँ', 'उपकरण', 'सार्वजनिक', 'गर्यो']","['भारत', 'को', 'सुरुवातले', 'भविष्यमा', 'गति', 'थप्नेछ', '।']"
269,फाइभजी ले नयाँ उपकरण सार्वजनिक गर्यो,चीन को सुरुवात भविष्य गति थप्नेछ।,1,"['फाइभजी', 'ले', 'नयाँ', 'उपकरण', 'सार्वजनिक', 'गर्यो']","['चीन', 'को', 'सुरुवातले', 'भविष्यमा', 'गति', 'थप्नेछ', '।']"
270,भारत मा प्रधानमन्त्री नयाँ कदम,ओलम्पिक को भ्रमण आर्थिक विकास नयाँ ढोका खोल्ने अपेक्षा गरिए छ।,1,"['भारत', 'मा', 'प्रधानमन्त्रीको', 'नयाँ', 'कदम']","['ओलम्पिक', 'को', 'भ्रमणले', 'आर्थिक', 'विकासको', 'नयाँ', 'ढोका', 'खोल्ने', 'अपेक्षा', 'गरिएको', 'छ', '।']"
271,नेपाल मा नेपाल ऐतिहासिक जीत,एआई खेल दर्शक ध्यान ताने छ।,0,"['नेपाल', 'मा', 'नेपालको', 'ऐतिहासिक', 'जीत']","['एआई', 'खेलले', 'दर्शकको', 'ध्यान', 'तानेको', 'छ', '।']"
272,फाइभजी संसद् बैठक स्थगित,क्रिकेट सम्बन्ध सरकार तर्फ चासो व्यक्त।,0,"['फाइभजी', 'संसद्', 'बैठक', 'स्थगित']","['क्रिकेट', 'सम्बन्धमा', 'सरकारको', 'तर्फबाट', 'चासो', 'व्यक्त', '।']"
273,फाइभजी फाइनल खेल तयारी,नेपाल खेल दर्शक ध्यान ताने छ।,1,"['फाइभजी', 'फाइनल', 'खेलको', 'तयारी']","['नेपाल', 'खेलले', 'दर्शकको', 'ध्यान', 'तानेको', 'छ', '।']"
274,भारत नेटवर्क सुरुवात,नेपाल को सुरुवात भविष्य गति थप्नेछ।,1,"['भारत', 'नेटवर्कको', 'सुरुवात']","['नेपाल', 'को', 'सुरुवातले', 'भविष्यमा', 'गति', 'थप्नेछ', '।']"
275,एआई मा नेपाल ऐतिहासिक जीत,नेपाल खेल दर्शक ध्यान ताने छ।,0,"['एआई', 'मा', 'नेपालको', 'ऐतिहासिक', 'जीत']","['नेपाल', 'खेलले', 'दर्शकको', 'ध्यान', 'तानेको', 'छ', '।']"
276,क्रिकेट सम्बन्ध नयाँ मस्यौदा,नेपाल सम्बन्ध सरकार तर्फ चासो व्यक्त।,0,"['क्रिकेट', 'सम्बन्धमा', 'नयाँ', 'मस्यौदा']","['नेपाल', 'सम्बन्धमा', 'सरकारको', 'तर्फबाट', 'चासो', 'व्यक्त', '।']"
277,भारत सम्बन्ध नयाँ मस्यौदा,फाइभजी को भ्रमण आर्थिक विकास नयाँ ढोका खोल्ने अपेक्षा गरिए छ।,0,"['भारत', 'सम्बन्धमा', 'नयाँ', 'मस्यौदा']","['फाइभजी', 'को', 'भ्रमणले', 'आर्थिक', 'विकासको', 'नयाँ', 'ढोका', 'खोल्ने', 'अपेक्षा', 'गरिएको', 'छ', '।']"
278,चीन प्रविधि नयाँ प्रयोग,क्रिकेट मा एआई प्रविधि प्रयोग सुधार ल्याउने अपेक्षा।,0,"['चीन', 'प्रविधिको', 'नयाँ', 'प्रयोग']","['क्रिकेट', 'मा', 'एआई', 'प्रविधिको', 'प्रयोगले', 'सुधार', 'ल्याउने', 'अपेक्षा', '।']"
279,फाइभजी संसद् बैठक स्थगित,भारत को भ्रमण आर्थिक विकास नयाँ ढोका खोल्ने अपेक्षा गरिए छ।,0,"['फाइभजी', 'संसद्', 'बैठक', 'स्थगित']","['भारत', 'को', 'भ्रमणले', 'आर्थिक', 'विकासको', 'नयाँ', 'ढोका', 'खोल्ने', 'अपेक्षा', 'गरिएको', 'छ', '।']"
280,ओलम्पिक फाइनल खेल तयारी,भारत प्रतियोगिता नेपाल ऐतिहासिक प्रदर्शन।,1,"['ओलम्पिक', 'फाइनल', 'खेलको', 'तयारी']","['भारत', 'प्रतियोगितामा', 'नेपालको', 'ऐतिहासिक', 'प्रदर्शन', '।']"
281,एआई खेलाडी स्वर्ण जिते,नेपाल प्रतियोगिता नेपाल ऐतिहासिक प्रदर्शन।,0,"['एआई', 'खेलाडीले', 'स्वर्ण', 'जिते']","['नेपाल', 'प्रतियोगितामा', 'नेपालको', 'ऐतिहासिक', 'प्रदर्शन', '।']"
282,फाइभजी संसद् बैठक स्थगित,फाइभजी सम्बन्ध सरकार तर्फ चासो व्यक्त।,1,"['फाइभजी', 'संसद्', 'बैठक', 'स्थगित']","['फाइभजी', 'सम्बन्धमा', 'सरकारको', 'तर्फबाट', 'चासो', 'व्यक्त', '।']"
283,चीन संसद् बैठक स्थगित,एआई सम्बन्ध सरकार तर्फ चासो व्यक्त।,0,"['चीन', 'संसद्', 'बैठक', 'स्थगित']","['एआई', 'सम्बन्धमा', 'सरकारको', 'तर्फबाट', 'चासो', 'व्यक्त', '।']"
284,चीन खेलाडी स्वर्ण जिते,एआई प्रतियोगिता नेपाल ऐतिहासिक प्रदर्शन।,0,"['चीन', 'खेलाडीले', 'स्वर्ण', 'जिते']","['एआई', 'प्रतियोगितामा', 'नेपालको', 'ऐतिहासिक', 'प्रदर्शन', '।']"
285,ओलम्पिक मा नेपाल ऐतिहासिक जीत,चीन प्रतियोगिता नेपाल ऐतिहासिक प्रदर्शन।,0,"['ओलम्पिक', 'मा', 'नेपालको', 'ऐतिहासिक', 'जीत']","['चीन', 'प्रतियोगितामा', 'नेपालको', 'ऐतिहासिक', 'प्रदर्शन', '।']"
286,ओलम्पिक संसद् बैठक स्थगित,भारत सम्बन्ध सरकार तर्फ चासो व्यक्त।,0,"['ओलम्पिक', 'संसद्', 'बैठक', 'स्थगित']","['भारत', 'सम्बन्धमा', 'सरकारको', 'तर्फबाट', 'चासो', 'व्यक्त', '।']"
287,एआई फाइनल खेल तयारी,क्रिकेट प्रतियोगिता नेपाल ऐतिहासिक प्रदर्शन।,1,"['एआई', 'फाइनल', 'खेलको', 'तयारी']","['क्रिकेट', 'प्रतियोगितामा', 'नेपालको', 'ऐतिहासिक', 'प्रदर्शन', '।']"
288,क्रिकेट मा नेपाल ऐतिहासिक जीत,भारत प्रतियोगिता नेपाल ऐतिहासिक प्रदर्शन।,0,"['क्रिकेट', 'मा', 'नेपालको', 'ऐतिहासिक', 'जीत']","['भारत', 'प्रतियोगितामा', 'नेपालको', 'ऐतिहासिक', 'प्रदर्शन', '।']"
289,क्रिकेट प्रविधि नयाँ प्रयोग,क्रिकेट ले नयाँ उत्पाद बजार चकित पारे छ।,1,"['क्रिकेट', 'प्रविधिको', 'नयाँ', 'प्रयोग']","['क्रिकेट', 'ले', 'नयाँ', 'उत्पादले', 'बजारलाई', 'चकित', 'पारेको', 'छ', '।']"
290,भारत मा प्रधानमन्त्री नयाँ कदम,फाइभजी सम्बन्ध सरकार तर्फ चासो व्यक्त।,0,"['भारत', 'मा', 'प्रधानमन्त्रीको', 'नयाँ', 'कदम']","['फाइभजी', 'सम्बन्धमा', 'सरकारको', 'तर्फबाट', 'चासो', 'व्यक्त', '।']"
291,भारत ले नयाँ उपकरण सार्वजनिक गर्यो,फाइभजी ले नयाँ उत्पाद बजार चकित पारे छ।,0,"['भारत', 'ले', 'नयाँ', 'उपकरण', 'सार्वजनिक', 'गर्यो']","['फाइभजी', 'ले', 'नयाँ', 'उत्पादले', 'बजारलाई', 'चकित', 'पारेको', 'छ', '।']"
292,एआई खेलाडी स्वर्ण जिते,भारत खेलाडी मेहनत स्वर्ण पदक नेपाल दिलायो।,1,"['एआई', 'खेलाडीले', 'स्वर्ण', 'जिते']","['भारत', 'खेलाडीको', 'मेहनतले', 'स्वर्ण', 'पदक', 'नेपाललाई', 'दिलायो', '।']"
293,ओलम्पिक प्रविधि नयाँ प्रयोग,भारत मा एआई प्रविधि प्रयोग सुधार ल्याउने अपेक्षा।,0,"['ओलम्पिक', 'प्रविधिको', 'नयाँ', 'प्रयोग']","['भारत', 'मा', 'एआई', 'प्रविधिको', 'प्रयोगले', 'सुधार', 'ल्याउने', 'अपेक्षा', '।']"
294,नेपाल खेलाडी स्वर्ण जिते,ओलम्पिक खेल दर्शक ध्यान ताने छ।,0,"['नेपाल', 'खेलाडीले', 'स्वर्ण', 'जिते']","['ओलम्पिक', 'खेलले', 'दर्शकको', 'ध्यान', 'तानेको', 'छ', '।']"
295,फाइभजी मा प्रधानमन्त्री नयाँ कदम,ओलम्पिक को निर्णय व्यापक प्रतिक्रिया ल्याए छ।,0,"['फाइभजी', 'मा', 'प्रधानमन्त्रीको', 'नयाँ', 'कदम']","['ओलम्पिक', 'को', 'निर्णयले', 'व्यापक', 'प्रतिक्रिया', 'ल्याएको', 'छ', '।']"
296,एआई फाइनल खेल तयारी,चीन खेलाडी मेहनत स्वर्ण पदक नेपाल दिलायो।,1,"['एआई', 'फाइनल', 'खेलको', 'तयारी']","['चीन', 'खेलाडीको', 'मेहनतले', 'स्वर्ण', 'पदक', 'नेपाललाई', 'दिलायो', '।']"
297,ओलम्पिक प्रविधि नयाँ प्रयोग,फाइभजी ले नयाँ उत्पाद बजार चकित पारे छ।,1,"['ओलम्पिक', 'प्रविधिको', 'नयाँ', 'प्रयोग']","['फाइभजी', 'ले', 'नयाँ', 'उत्पादले', 'बजारलाई', 'चकित', 'पारेको', 'छ', '।']"
298,ओलम्पिक मा प्रधानमन्त्री नयाँ कदम,ओलम्पिक को भ्रमण आर्थिक विकास नयाँ ढोका खोल्ने अपेक्षा गरिए छ।,0,"['ओलम्पिक', 'मा', 'प्रधानमन्त्रीको', 'नयाँ', 'कदम']","['ओलम्पिक', 'को', 'भ्रमणले', 'आर्थिक', 'विकासको', 'नयाँ', 'ढोका', 'खोल्ने', 'अपेक्षा', 'गरिएको', 'छ', '।']"
299,एआई फाइनल खेल तयारी,भारत प्रतियोगिता नेपाल ऐतिहासिक प्रदर्शन।,1,"['एआई', 'फाइनल', 'खेलको', 'तयारी']","['भारत', 'प्रतियोगितामा', 'नेपालको', 'ऐतिहासिक', 'प्रदर्शन', '।']"
300,क्रिकेट फाइनल खेल तयारी,भारत खेल दर्शक ध्यान ताने छ।,1,"['क्रिकेट', 'फाइनल', 'खेलको', 'तयारी']","['भारत', 'खेलले', 'दर्शकको', 'ध्यान', 'तानेको', 'छ', '।']"
301,फाइभजी संसद् बैठक स्थगित,क्रिकेट को भ्रमण आर्थिक विकास नयाँ ढोका खोल्ने अपेक्षा गरिए छ।,0,"['फाइभजी', 'संसद्', 'बैठक', 'स्थगित']","['क्रिकेट', 'को', 'भ्रमणले', 'आर्थिक', 'विकासको', 'नयाँ', 'ढोका', 'खोल्ने', 'अपेक्षा', 'गरिएको', 'छ', '।']"
302,एआई ले नयाँ उपकरण सार्वजनिक गर्यो,क्रिकेट ले नयाँ उत्पाद बजार चकित पारे छ।,0,"['एआई', 'ले', 'नयाँ', 'उपकरण', 'सार्वजनिक', 'गर्यो']","['क्रिकेट', 'ले', 'नयाँ', 'उत्पादले', 'बजारलाई', 'चकित', 'पारेको', 'छ', '।']"
303,चीन ले नयाँ उपकरण सार्वजनिक गर्यो,क्रिकेट मा एआई प्रविधि प्रयोग सुधार ल्याउने अपेक्षा।,1,"['चीन', 'ले', 'नयाँ', 'उपकरण', 'सार्वजनिक', 'गर्यो']","['क्रिकेट', 'मा', 'एआई', 'प्रविधिको', 'प्रयोगले', 'सुधार', 'ल्याउने', 'अपेक्षा', '।']"
304,एआई प्रविधि नयाँ प्रयोग,ओलम्पिक मा एआई प्रविधि प्रयोग सुधार ल्याउने अपेक्षा।,0,"['एआई', 'प्रविधिको', 'नयाँ', 'प्रयोग']","['ओलम्पिक', 'मा', 'एआई', 'प्रविधिको', 'प्रयोगले', 'सुधार', 'ल्याउने', 'अपेक्षा', '।']"
305,क्रिकेट खेलाडी स्वर्ण जिते,चीन खेलाडी मेहनत स्वर्ण पदक नेपाल दिलायो।,0,"['क्रिकेट', 'खेलाडीले', 'स्वर्ण', 'जिते']","['चीन', 'खेलाडीको', 'मेहनतले', 'स्वर्ण', 'पदक', 'नेपाललाई', 'दिलायो', '।']"
306,एआई सम्बन्ध नयाँ मस्यौदा,एआई को निर्णय व्यापक प्रतिक्रिया ल्याए छ।,0,"['एआई', 'सम्बन्धमा', 'नयाँ', 'मस्यौदा']","['एआई', 'को', 'निर्णयले', 'व्यापक', 'प्रतिक्रिया', 'ल्याएको', 'छ', '।']"
307,चीन संसद् बैठक स्थगित,भारत को निर्णय व्यापक प्रतिक्रिया ल्याए छ।,1,"['चीन', 'संसद्', 'बैठक', 'स्थगित']","['भारत', 'को', 'निर्णयले', 'व्यापक', 'प्रतिक्रिया', 'ल्याएको', 'छ', '।']"
308,एआई फाइनल खेल तयारी,भारत खेलाडी मेहनत स्वर्ण पदक नेपाल दिलायो।,0,"['एआई', 'फाइनल', 'खेलको', 'तयारी']","['भारत', 'खेलाडीको', 'मेहनतले', 'स्वर्ण', 'पदक', 'नेपाललाई', 'दिलायो', '।']"
309,क्रिकेट संसद् बैठक स्थगित,भारत को निर्णय व्यापक प्रतिक्रिया ल्याए छ।,1,"['क्रिकेट', 'संसद्', 'बैठक', 'स्थगित']","['भारत', 'को', 'निर्णयले', 'व्यापक', 'प्रतिक्रिया', 'ल्याएको', 'छ', '।']"
310,चीन खेलाडी स्वर्ण जिते,क्रिकेट खेल दर्शक ध्यान ताने छ।,0,"['चीन', 'खेलाडीले', 'स्वर्ण', 'जिते']","['क्रिकेट', 'खेलले', 'दर्शकको', 'ध्यान', 'तानेको', 'छ', '।']"
311,नेपाल फाइनल खेल तयारी,फाइभजी खेल दर्शक ध्यान ताने छ।,0,"['नेपाल', 'फाइनल', 'खेलको', 'तयारी']","['फाइभजी', 'खेलले', 'दर्शकको', 'ध्यान', 'तानेको', 'छ', '।']"
312,एआई ले नयाँ उपकरण सार्वजनिक गर्यो,चीन को सुरुवात भविष्य गति थप्नेछ।,1,"['एआई', 'ले', 'नयाँ', 'उपकरण', 'सार्वजनिक', 'गर्यो']","['चीन', 'को', 'सुरुवातले', 'भविष्यमा', 'गति', 'थप्नेछ', '।']"
313,नेपाल ले नयाँ उपकरण सार्वजनिक गर्यो,क्रिकेट मा एआई प्रविधि प्रयोग सुधार ल्याउने अपेक्षा।,0,"['नेपाल', 'ले', 'नयाँ', 'उपकरण', 'सार्वजनिक', 'गर्यो']","['क्रिकेट', 'मा', 'एआई', 'प्रविधिको', 'प्रयोगले', 'सुधार', 'ल्याउने', 'अपेक्षा', '।']"
314,एआई नेटवर्क सुरुवात,नेपाल को सुरुवात भविष्य गति थप्नेछ।,0,"['एआई', 'नेटवर्कको', 'सुरुवात']","['नेपाल', 'को', 'सुरुवातले', 'भविष्यमा', 'गति', 'थप्नेछ', '।']"
315,भारत प्रविधि नयाँ प्रयोग,भारत मा एआई प्रविधि प्रयोग सुधार ल्याउने अपेक्षा।,0,"['भारत', 'प्रविधिको', 'नयाँ', 'प्रयोग']","['भारत', 'मा', 'एआई', 'प्रविधिको', 'प्रयोगले', 'सुधार', 'ल्याउने', 'अपेक्षा', '।']"
316,क्रिकेट मा नेपाल ऐतिहासिक जीत,चीन प्रतियोगिता नेपाल ऐतिहासिक प्रदर्शन।,0,"['क्रिकेट', 'मा', 'नेपालको', 'ऐतिहासिक', 'जीत']","['चीन', 'प्रतियोगितामा', 'नेपालको', 'ऐतिहासिक', 'प्रदर्शन', '।']"
317,नेपाल संसद् बैठक स्थगित,चीन सम्बन्ध सरकार तर्फ चासो व्यक्त।,0,"['नेपाल', 'संसद्', 'बैठक', 'स्थगित']","['चीन', 'सम्बन्धमा', 'सरकारको', 'तर्फबाट', 'चासो', 'व्यक्त', '।']"
318,क्रिकेट नेटवर्क सुरुवात,नेपाल ले नयाँ उत्पाद बजार चकित पारे छ।,0,"['क्रिकेट', 'नेटवर्कको', 'सुरुवात']","['नेपाल', 'ले', 'नयाँ', 'उत्पादले', 'बजारलाई', 'चकित', 'पारेको', 'छ', '।']"
319,फाइभजी फाइनल खेल तयारी,ओलम्पिक खेलाडी मेहनत स्वर्ण पदक नेपाल दिलायो।,1,"['फाइभजी', 'फाइनल', 'खेलको', 'तयारी']","['ओलम्पिक', 'खेलाडीको', 'मेहनतले', 'स्वर्ण', 'पदक', 'नेपाललाई', 'दिलायो', '।']"
320,क्रिकेट सम्बन्ध नयाँ मस्यौदा,क्रिकेट सम्बन्ध सरकार तर्फ चासो व्यक्त।,1,"['क्रिकेट', 'सम्बन्धमा', 'नयाँ', 'मस्यौदा']","['क्रिकेट', 'सम्बन्धमा', 'सरकारको', 'तर्फबाट', 'चासो', 'व्यक्त', '।']"
321,भारत ले नयाँ उपकरण सार्वजनिक गर्यो,चीन को सुरुवात भविष्य गति थप्नेछ।,1,"['भारत', 'ले', 'नयाँ', 'उपकरण', 'सार्वजनिक', 'गर्यो']","['चीन', 'को', 'सुरुवातले', 'भविष्यमा', 'गति', 'थप्नेछ', '।']"
322,नेपाल मा नेपाल ऐतिहासिक जीत,नेपाल प्रतियोगिता नेपाल ऐतिहासिक प्रदर्शन।,0,"['नेपाल', 'मा', 'नेपालको', 'ऐतिहासिक', 'जीत']","['नेपाल', 'प्रतियोगितामा', 'नेपालको', 'ऐतिहासिक', 'प्रदर्शन', '।']"
323,नेपाल संसद् बैठक स्थगित,फाइभजी को निर्णय व्यापक प्रतिक्रिया ल्याए छ।,1,"['नेपाल', 'संसद्', 'बैठक', 'स्थगित']","['फाइभजी', 'को', 'निर्णयले', 'व्यापक', 'प्रतिक्रिया', 'ल्याएको', 'छ', '।']"
324,भारत प्रविधि नयाँ प्रयोग,क्रिकेट ले नयाँ उत्पाद बजार चकित पारे छ।,0,"['भारत', 'प्रविधिको', 'नयाँ', 'प्रयोग']","['क्रिकेट', 'ले', 'नयाँ', 'उत्पादले', 'बजारलाई', 'चकित', 'पारेको', 'छ', '।']"
325,चीन नेटवर्क सुरुवात,ओलम्पिक को सुरुवात भविष्य गति थप्नेछ।,1,"['चीन', 'नेटवर्कको', 'सुरुवात']","['ओलम्पिक', 'को', 'सुरुवातले', 'भविष्यमा', 'गति', 'थप्नेछ', '।']"
326,फाइभजी सम्बन्ध नयाँ मस्यौदा,क्रिकेट को भ्रमण आर्थिक विकास नयाँ ढोका खोल्ने अपेक्षा गरिए छ।,0,"['फाइभजी', 'सम्बन्धमा', 'नयाँ', 'मस्यौदा']","['क्रिकेट', 'को', 'भ्रमणले', 'आर्थिक', 'विकासको', 'नयाँ', 'ढोका', 'खोल्ने', 'अपेक्षा', 'गरिएको', 'छ', '।']"
327,फाइभजी फाइनल खेल तयारी,नेपाल खेलाडी मेहनत स्वर्ण पदक नेपाल दिलायो।,0,"['फाइभजी', 'फाइनल', 'खेलको', 'तयारी']","['नेपाल', 'खेलाडीको', 'मेहनतले', 'स्वर्ण', 'पदक', 'नेपाललाई', 'दिलायो', '।']"
328,भारत फाइनल खेल तयारी,भारत प्रतियोगिता नेपाल ऐतिहासिक प्रदर्शन।,1,"['भारत', 'फाइनल', 'खेलको', 'तयारी']","['भारत', 'प्रतियोगितामा', 'नेपालको', 'ऐतिहासिक', 'प्रदर्शन', '।']"
329,चीन संसद् बैठक स्थगित,ओलम्पिक को निर्णय व्यापक प्रतिक्रिया ल्याए छ।,1,"['चीन', 'संसद्', 'बैठक', 'स्थगित']","['ओलम्पिक', 'को', 'निर्णयले', 'व्यापक', 'प्रतिक्रिया', 'ल्याएको', 'छ', '।']"
330,फाइभजी फाइनल खेल तयारी,नेपाल खेलाडी मेहनत स्वर्ण पदक नेपाल दिलायो।,0,"['फाइभजी', 'फाइनल', 'खेलको', 'तयारी']","['नेपाल', 'खेलाडीको', 'मेहनतले', 'स्वर्ण', 'पदक', 'नेपाललाई', 'दिलायो', '।']"
331,क्रिकेट संसद् बैठक स्थगित,भारत सम्बन्ध सरकार तर्फ चासो व्यक्त।,0,"['क्रिकेट', 'संसद्', 'बैठक', 'स्थगित']","['भारत', 'सम्बन्धमा', 'सरकारको', 'तर्फबाट', 'चासो', 'व्यक्त', '।']"
332,नेपाल संसद् बैठक स्थगित,एआई सम्बन्ध सरकार तर्फ चासो व्यक्त।,1,"['नेपाल', 'संसद्', 'बैठक', 'स्थगित']","['एआई', 'सम्बन्धमा', 'सरकारको', 'तर्फबाट', 'चासो', 'व्यक्त', '।']"
333,एआई मा नेपाल ऐतिहासिक जीत,भारत खेलाडी मेहनत स्वर्ण पदक नेपाल दिलायो।,1,"['एआई', 'मा', 'नेपालको', 'ऐतिहासिक', 'जीत']","['भारत', 'खेलाडीको', 'मेहनतले', 'स्वर्ण', 'पदक', 'नेपाललाई', 'दिलायो', '।']"
334,क्रिकेट खेलाडी स्वर्ण जिते,एआई प्रतियोगिता नेपाल ऐतिहासिक प्रदर्शन।,0,"['क्रिकेट', 'खेलाडीले', 'स्वर्ण', 'जिते']","['एआई', 'प्रतियोगितामा', 'नेपालको', 'ऐतिहासिक', 'प्रदर्शन', '।']"
335,ओलम्पिक नेटवर्क सुरुवात,फाइभजी ले नयाँ उत्पाद बजार चकित पारे छ।,1,"['ओलम्पिक', 'नेटवर्कको', 'सुरुवात']","['फाइभजी', 'ले', 'नयाँ', 'उत्पादले', 'बजारलाई', 'चकित', 'पारेको', 'छ', '।']"
336,फाइभजी संसद् बैठक स्थगित,फाइभजी को भ्रमण आर्थिक विकास नयाँ ढोका खोल्ने अपेक्षा गरिए छ।,1,"['फाइभजी', 'संसद्', 'बैठक', 'स्थगित']","['फाइभजी', 'को', 'भ्रमणले', 'आर्थिक', 'विकासको', 'नयाँ', 'ढोका', 'खोल्ने', 'अपेक्षा', 'गरिएको', 'छ', '।']"
337,ओलम्पिक प्रविधि नयाँ प्रयोग,चीन मा एआई प्रविधि प्रयोग सुधार ल्याउने अपेक्षा।,0,"['ओलम्पिक', 'प्रविधिको', 'नयाँ', 'प्रयोग']","['चीन', 'मा', 'एआई', 'प्रविधिको', 'प्रयोगले', 'सुधार', 'ल्याउने', 'अपेक्षा', '।']"
338,नेपाल नेटवर्क सुरुवात,फाइभजी को सुरुवात भविष्य गति थप्नेछ।,0,"['नेपाल', 'नेटवर्कको', 'सुरुवात']","['फाइभजी', 'को', 'सुरुवातले', 'भविष्यमा', 'गति', 'थप्नेछ', '।']"
339,नेपाल मा नेपाल ऐतिहासिक जीत,चीन प्रतियोगिता नेपाल ऐतिहासिक प्रदर्शन।,0,"['नेपाल', 'मा', 'नेपालको', 'ऐतिहासिक', 'जीत']","['चीन', 'प्रतियोगितामा', 'नेपालको', 'ऐतिहासिक', 'प्रदर्शन', '।']"
340,एआई संसद् बैठक स्थगित,एआई को भ्रमण आर्थिक विकास नयाँ ढोका खोल्ने अपेक्षा गरिए छ।,1,"['एआई', 'संसद्', 'बैठक', 'स्थगित']","['एआई', 'को', 'भ्रमणले', 'आर्थिक', 'विकासको', 'नयाँ', 'ढोका', 'खोल्ने', 'अपेक्षा', 'गरिएको', 'छ', '।']"
341,नेपाल नेटवर्क सुरुवात,नेपाल ले नयाँ उत्पाद बजार चकित पारे छ।,0,"['नेपाल', 'नेटवर्कको', 'सुरुवात']","['नेपाल', 'ले', 'नयाँ', 'उत्पादले', 'बजारलाई', 'चकित', 'पारेको', 'छ', '।']"
342,ओलम्पिक ले नयाँ उपकरण सार्वजनिक गर्यो,नेपाल ले नयाँ उत्पाद बजार चकित पारे छ।,1,"['ओलम्पिक', 'ले', 'नयाँ', 'उपकरण', 'सार्वजनिक', 'गर्यो']","['नेपाल', 'ले', 'नयाँ', 'उत्पादले', 'बजारलाई', 'चकित', 'पारेको', 'छ', '।']"
343,भारत नेटवर्क सुरुवात,नेपाल ले नयाँ उत्पाद बजार चकित पारे छ।,1,"['भारत', 'नेटवर्कको', 'सुरुवात']","['नेपाल', 'ले', 'नयाँ', 'उत्पादले', 'बजारलाई', 'चकित', 'पारेको', 'छ', '।']"
344,क्रिकेट फाइनल खेल तयारी,भारत खेल दर्शक ध्यान ताने छ।,0,"['क्रिकेट', 'फाइनल', 'खेलको', 'तयारी']","['भारत', 'खेलले', 'दर्शकको', 'ध्यान', 'तानेको', 'छ', '।']"
345,नेपाल खेलाडी स्वर्ण जिते,नेपाल खेलाडी मेहनत स्वर्ण पदक नेपाल दिलायो।,0,"['नेपाल', 'खेलाडीले', 'स्वर्ण', 'जिते']","['नेपाल', 'खेलाडीको', 'मेहनतले', 'स्वर्ण', 'पदक', 'नेपाललाई', 'दिलायो', '।']"
346,चीन सम्बन्ध नयाँ मस्यौदा,भारत सम्बन्ध सरकार तर्फ चासो व्यक्त।,0,"['चीन', 'सम्बन्धमा', 'नयाँ', 'मस्यौदा']","['भारत', 'सम्बन्धमा', 'सरकारको', 'तर्फबाट', 'चासो', 'व्यक्त', '।']"
347,नेपाल खेलाडी स्वर्ण जिते,नेपाल खेलाडी मेहनत स्वर्ण पदक नेपाल दिलायो।,0,"['नेपाल', 'खेलाडीले', 'स्वर्ण', 'जिते']","['नेपाल', 'खेलाडीको', 'मेहनतले', 'स्वर्ण', 'पदक', 'नेपाललाई', 'दिलायो', '।']"
348,ओलम्पिक प्रविधि नयाँ प्रयोग,भारत मा एआई प्रविधि प्रयोग सुधार ल्याउने अपेक्षा।,1,"['ओलम्पिक', 'प्रविधिको', 'नयाँ', 'प्रयोग']","['भारत', 'मा', 'एआई', 'प्रविधिको', 'प्रयोगले', 'सुधार', 'ल्याउने', 'अपेक्षा', '।']"
349,फाइभजी ले नयाँ उपकरण सार्वजनिक गर्यो,एआई ले नयाँ उत्पाद बजार चकित पारे छ।,1,"['फाइभजी', 'ले', 'नयाँ', 'उपकरण', 'सार्वजनिक', 'गर्यो']","['एआई', 'ले', 'नयाँ', 'उत्पादले', 'बजारलाई', 'चकित', 'पारेको', 'छ', '।']"
350,एआई मा नेपाल ऐतिहासिक जीत,भारत खेल दर्शक ध्यान ताने छ।,1,"['एआई', 'मा', 'नेपालको', 'ऐतिहासिक', 'जीत']","['भारत', 'खेलले', 'दर्शकको', 'ध्यान', 'तानेको', 'छ', '।']"
351,एआई सम्बन्ध नयाँ मस्यौदा,चीन सम्बन्ध सरकार तर्फ चासो व्यक्त।,1,"['एआई', 'सम्बन्धमा', 'नयाँ', 'मस्यौदा']","['चीन', 'सम्बन्धमा', 'सरकारको', 'तर्फबाट', 'चासो', 'व्यक्त', '।']"
352,नेपाल सम्बन्ध नयाँ मस्यौदा,क्रिकेट को निर्णय व्यापक प्रतिक्रिया ल्याए छ।,0,"['नेपाल', 'सम्बन्धमा', 'नयाँ', 'मस्यौदा']","['क्रिकेट', 'को', 'निर्णयले', 'व्यापक', 'प्रतिक्रिया', 'ल्याएको', 'छ', '।']"
353,ओलम्पिक खेलाडी स्वर्ण जिते,एआई प्रतियोगिता नेपाल ऐतिहासिक प्रदर्शन।,0,"['ओलम्पिक', 'खेलाडीले', 'स्वर्ण', 'जिते']","['एआई', 'प्रतियोगितामा', 'नेपालको', 'ऐतिहासिक', 'प्रदर्शन', '।']"
354,नेपाल प्रविधि नयाँ प्रयोग,भारत को सुरुवात भविष्य गति थप्नेछ।,1,"['नेपाल', 'प्रविधिको', 'नयाँ', 'प्रयोग']","['भारत', 'को', 'सुरुवातले', 'भविष्यमा', 'गति', 'थप्नेछ', '।']"
355,नेपाल मा प्रधानमन्त्री नयाँ कदम,चीन को निर्णय व्यापक प्रतिक्रिया ल्याए छ।,0,"['नेपाल', 'मा', 'प्रधानमन्त्रीको', 'नयाँ', 'कदम']","['चीन', 'को', 'निर्णयले', 'व्यापक', 'प्रतिक्रिया', 'ल्याएको', 'छ', '।']"
356,फाइभजी मा नेपाल ऐतिहासिक जीत,ओलम्पिक खेलाडी मेहनत स्वर्ण पदक नेपाल दिलायो।,1,"['फाइभजी', 'मा', 'नेपालको', 'ऐतिहासिक', 'जीत']","['ओलम्पिक', 'खेलाडीको', 'मेहनतले', 'स्वर्ण', 'पदक', 'नेपाललाई', 'दिलायो', '।']"
357,ओलम्पिक प्रविधि नयाँ प्रयोग,नेपाल ले नयाँ उत्पाद बजार चकित पारे छ।,1,"['ओलम्पिक', 'प्रविधिको', 'नयाँ', 'प्रयोग']","['नेपाल', 'ले', 'नयाँ', 'उत्पादले', 'बजारलाई', 'चकित', 'पारेको', 'छ', '।']"
358,फाइभजी ले नयाँ उपकरण सार्वजनिक गर्यो,ओलम्पिक को सुरुवात भविष्य गति थप्नेछ।,1,"['फाइभजी', 'ले', 'नयाँ', 'उपकरण', 'सार्वजनिक', 'गर्यो']","['ओलम्पिक', 'को', 'सुरुवातले', 'भविष्यमा', 'गति', 'थप्नेछ', '।']"
359,चीन ले नयाँ उपकरण सार्वजनिक गर्यो,चीन ले नयाँ उत्पाद बजार चकित पारे छ।,1,"['चीन', 'ले', 'नयाँ', 'उपकरण', 'सार्वजनिक', 'गर्यो']","['चीन', 'ले', 'नयाँ', 'उत्पादले', 'बजारलाई', 'चकित', 'पारेको', 'छ', '।']"
360,नेपाल खेलाडी स्वर्ण जिते,फाइभजी खेल दर्शक ध्यान ताने छ।,0,"['नेपाल', 'खेलाडीले', 'स्वर्ण', 'जिते']","['फाइभजी', 'खेलले', 'दर्शकको', 'ध्यान', 'तानेको', 'छ', '।']"
361,नेपाल ले नयाँ उपकरण सार्वजनिक गर्यो,एआई को सुरुवात भविष्य गति थप्नेछ।,0,"['नेपाल', 'ले', 'नयाँ', 'उपकरण', 'सार्वजनिक', 'गर्यो']","['एआई', 'को', 'सुरुवातले', 'भविष्यमा', 'गति', 'थप्नेछ', '।']"
362,नेपाल प्रविधि नयाँ प्रयोग,एआई मा एआई प्रविधि प्रयोग सुधार ल्याउने अपेक्षा।,1,"['नेपाल', 'प्रविधिको', 'नयाँ', 'प्रयोग']","['एआई', 'मा', 'एआई', 'प्रविधिको', 'प्रयोगले', 'सुधार', 'ल्याउने', 'अपेक्षा', '।']"
363,एआई मा प्रधानमन्त्री नयाँ कदम,फाइभजी सम्बन्ध सरकार तर्फ चासो व्यक्त।,0,"['एआई', 'मा', 'प्रधानमन्त्रीको', 'नयाँ', 'कदम']","['फाइभजी', 'सम्बन्धमा', 'सरकारको', 'तर्फबाट', 'चासो', 'व्यक्त', '।']"
364,भारत प्रविधि नयाँ प्रयोग,नेपाल मा एआई प्रविधि प्रयोग सुधार ल्याउने अपेक्षा।,1,"['भारत', 'प्रविधिको', 'नयाँ', 'प्रयोग']","['नेपाल', 'मा', 'एआई', 'प्रविधिको', 'प्रयोगले', 'सुधार', 'ल्याउने', 'अपेक्षा', '।']"
365,चीन प्रविधि नयाँ प्रयोग,नेपाल को सुरुवात भविष्य गति थप्नेछ।,0,"['चीन', 'प्रविधिको', 'नयाँ', 'प्रयोग']","['नेपाल', 'को', 'सुरुवातले', 'भविष्यमा', 'गति', 'थप्नेछ', '।']"
366,एआई प्रविधि नयाँ प्रयोग,भारत को सुरुवात भविष्य गति थप्नेछ।,1,"['एआई', 'प्रविधिको', 'नयाँ', 'प्रयोग']","['भारत', 'को', 'सुरुवातले', 'भविष्यमा', 'गति', 'थप्नेछ', '।']"
367,ओलम्पिक मा प्रधानमन्त्री नयाँ कदम,चीन सम्बन्ध सरकार तर्फ चासो व्यक्त।,1,"['ओलम्पिक', 'मा', 'प्रधानमन्त्रीको', 'नयाँ', 'कदम']","['चीन', 'सम्बन्धमा', 'सरकारको', 'तर्फबाट', 'चासो', 'व्यक्त', '।']"
368,नेपाल संसद् बैठक स्थगित,नेपाल को निर्णय व्यापक प्रतिक्रिया ल्याए छ।,1,"['नेपाल', 'संसद्', 'बैठक', 'स्थगित']","['नेपाल', 'को', 'निर्णयले', 'व्यापक', 'प्रतिक्रिया', 'ल्याएको', 'छ', '।']"
369,ओलम्पिक मा प्रधानमन्त्री नयाँ कदम,चीन को भ्रमण आर्थिक विकास नयाँ ढोका खोल्ने अपेक्षा गरिए छ।,0,"['ओलम्पिक', 'मा', 'प्रधानमन्त्रीको', 'नयाँ', 'कदम']","['चीन', 'को', 'भ्रमणले', 'आर्थिक', 'विकासको', 'नयाँ', 'ढोका', 'खोल्ने', 'अपेक्षा', 'गरिएको', 'छ', '।']"
370,क्रिकेट मा नेपाल ऐतिहासिक जीत,नेपाल खेलाडी मेहनत स्वर्ण पदक नेपाल दिलायो।,0,"['क्रिकेट', 'मा', 'नेपालको', 'ऐतिहासिक', 'जीत']","['नेपाल', 'खेलाडीको', 'मेहनतले', 'स्वर्ण', 'पदक', 'नेपाललाई', 'दिलायो', '।']"
371,एआई खेलाडी स्वर्ण जिते,ओलम्पिक खेलाडी मेहनत स्वर्ण पदक नेपाल दिलायो।,1,"['एआई', 'खेलाडीले', 'स्वर्ण', 'जिते']","['ओलम्पिक', 'खेलाडीको', 'मेहनतले', 'स्वर्ण', 'पदक', 'नेपाललाई', 'दिलायो', '।']"
372,नेपाल सम्बन्ध नयाँ मस्यौदा,एआई सम्बन्ध सरकार तर्फ चासो व्यक्त।,0,"['नेपाल', 'सम्बन्धमा', 'नयाँ', 'मस्यौदा']","['एआई', 'सम्बन्धमा', 'सरकारको', 'तर्फबाट', 'चासो', 'व्यक्त', '।']"
373,क्रिकेट प्रविधि नयाँ प्रयोग,क्रिकेट ले नयाँ उत्पाद बजार चकित पारे छ।,1,"['क्रिकेट', 'प्रविधिको', 'नयाँ', 'प्रयोग']","['क्रिकेट', 'ले', 'नयाँ', 'उत्पादले', 'बजारलाई', 'चकित', 'पारेको', 'छ', '।']"
374,क्रिकेट मा नेपाल ऐतिहासिक जीत,एआई प्रतियोगिता नेपाल ऐतिहासिक प्रदर्शन।,1,"['क्रिकेट', 'मा', 'नेपालको', 'ऐतिहासिक', 'जीत']","['एआई', 'प्रतियोगितामा', 'नेपालको', 'ऐतिहासिक', 'प्रदर्शन', '।']"
375,एआई ले नयाँ उपकरण सार्वजनिक गर्यो,फाइभजी मा एआई प्रविधि प्रयोग सुधार ल्याउने अपेक्षा।,0,"['एआई', 'ले', 'नयाँ', 'उपकरण', 'सार्वजनिक', 'गर्यो']","['फाइभजी', 'मा', 'एआई', 'प्रविधिको', 'प्रयोगले', 'सुधार', 'ल्याउने', 'अपेक्षा', '।']"
376,क्रिकेट मा प्रधानमन्त्री नयाँ कदम,नेपाल सम्बन्ध सरकार तर्फ चासो व्यक्त।,0,"['क्रिकेट', 'मा', 'प्रधानमन्त्रीको', 'नयाँ', 'कदम']","['नेपाल', 'सम्बन्धमा', 'सरकारको', 'तर्फबाट', 'चासो', 'व्यक्त', '।']"
377,ओलम्पिक मा नेपाल ऐतिहासिक जीत,एआई खेल दर्शक ध्यान ताने छ।,0,"['ओलम्पिक', 'मा', 'नेपालको', 'ऐतिहासिक', 'जीत']","['एआई', 'खेलले', 'दर्शकको', 'ध्यान', 'तानेको', 'छ', '।']"
378,क्रिकेट प्रविधि नयाँ प्रयोग,नेपाल मा एआई प्रविधि प्रयोग सुधार ल्याउने अपेक्षा।,0,"['क्रिकेट', 'प्रविधिको', 'नयाँ', 'प्रयोग']","['नेपाल', 'मा', 'एआई', 'प्रविधिको', 'प्रयोगले', 'सुधार', 'ल्याउने', 'अपेक्षा', '।']"
379,क्रिकेट ले नयाँ उपकरण सार्वजनिक गर्यो,चीन मा एआई प्रविधि प्रयोग सुधार ल्याउने अपेक्षा।,0,"['क्रिकेट', 'ले', 'नयाँ', 'उपकरण', 'सार्वजनिक', 'गर्यो']","['चीन', 'मा', 'एआई', 'प्रविधिको', 'प्रयोगले', 'सुधार', 'ल्याउने', 'अपेक्षा', '।']"
380,फाइभजी संसद् बैठक स्थगित,भारत को निर्णय व्यापक प्रतिक्रिया ल्याए छ।,0,"['फाइभजी', 'संसद्', 'बैठक', 'स्थगित']","['भारत', 'को', 'निर्णयले', 'व्यापक', 'प्रतिक्रिया', 'ल्याएको', 'छ', '।']"
381,क्रिकेट मा प्रधानमन्त्री नयाँ कदम,ओलम्पिक सम्बन्ध सरकार तर्फ चासो व्यक्त।,0,"['क्रिकेट', 'मा', 'प्रधानमन्त्रीको', 'नयाँ', 'कदम']","['ओलम्पिक', 'सम्बन्धमा', 'सरकारको', 'तर्फबाट', 'चासो', 'व्यक्त', '।']"
382,ओलम्पिक संसद् बैठक स्थगित,भारत को भ्रमण आर्थिक विकास नयाँ ढोका खोल्ने अपेक्षा गरिए छ।,1,"['ओलम्पिक', 'संसद्', 'बैठक', 'स्थगित']","['भारत', 'को', 'भ्रमणले', 'आर्थिक', 'विकासको', 'नयाँ', 'ढोका', 'खोल्ने', 'अपेक्षा', 'गरिएको', 'छ', '।']"
383,ओलम्पिक मा नेपाल ऐतिहासिक जीत,एआई प्रतियोगिता नेपाल ऐतिहासिक प्रदर्शन।,0,"['ओलम्पिक', 'मा', 'नेपालको', 'ऐतिहासिक', 'जीत']","['एआई', 'प्रतियोगितामा', 'नेपालको', 'ऐतिहासिक', 'प्रदर्शन', '।']"
384,फाइभजी फाइनल खेल तयारी,ओलम्पिक खेलाडी मेहनत स्वर्ण पदक नेपाल दिलायो।,0,"['फाइभजी', 'फाइनल', 'खेलको', 'तयारी']","['ओलम्पिक', 'खेलाडीको', 'मेहनतले', 'स्वर्ण', 'पदक', 'नेपाललाई', 'दिलायो', '।']"
385,फाइभजी मा नेपाल ऐतिहासिक जीत,एआई खेलाडी मेहनत स्वर्ण पदक नेपाल दिलायो।,0,"['फाइभजी', 'मा', 'नेपालको', 'ऐतिहासिक', 'जीत']","['एआई', 'खेलाडीको', 'मेहनतले', 'स्वर्ण', 'पदक', 'नेपाललाई', 'दिलायो', '।']"
386,ओलम्पिक संसद् बैठक स्थगित,एआई को निर्णय व्यापक प्रतिक्रिया ल्याए छ।,1,"['ओलम्पिक', 'संसद्', 'बैठक', 'स्थगित']","['एआई', 'को', 'निर्णयले', 'व्यापक', 'प्रतिक्रिया', 'ल्याएको', 'छ', '।']"
387,फाइभजी खेलाडी स्वर्ण जिते,नेपाल खेलाडी मेहनत स्वर्ण पदक नेपाल दिलायो।,0,"['फाइभजी', 'खेलाडीले', 'स्वर्ण', 'जिते']","['नेपाल', 'खेलाडीको', 'मेहनतले', 'स्वर्ण', 'पदक', 'नेपाललाई', 'दिलायो', '।']"
388,भारत सम्बन्ध नयाँ मस्यौदा,चीन को भ्रमण आर्थिक विकास नयाँ ढोका खोल्ने अपेक्षा गरिए छ।,0,"['भारत', 'सम्बन्धमा', 'नयाँ', 'मस्यौदा']","['चीन', 'को', 'भ्रमणले', 'आर्थिक', 'विकासको', 'नयाँ', 'ढोका', 'खोल्ने', 'अपेक्षा', 'गरिएको', 'छ', '।']"
389,चीन सम्बन्ध नयाँ मस्यौदा,एआई सम्बन्ध सरकार तर्फ चासो व्यक्त।,0,"['चीन', 'सम्बन्धमा', 'नयाँ', 'मस्यौदा']","['एआई', 'सम्बन्धमा', 'सरकारको', 'तर्फबाट', 'चासो', 'व्यक्त', '।']"
390,चीन खेलाडी स्वर्ण जिते,भारत प्रतियोगिता नेपाल ऐतिहासिक प्रदर्शन।,0,"['चीन', 'खेलाडीले', 'स्वर्ण', 'जिते']","['भारत', 'प्रतियोगितामा', 'नेपालको', 'ऐतिहासिक', 'प्रदर्शन', '।']"
391,नेपाल मा प्रधानमन्त्री नयाँ कदम,नेपाल को भ्रमण आर्थिक विकास नयाँ ढोका खोल्ने अपेक्षा गरिए छ।,1,"['नेपाल', 'मा', 'प्रधानमन्त्रीको', 'नयाँ', 'कदम']","['नेपाल', 'को', 'भ्रमणले', 'आर्थिक', 'विकासको', 'नयाँ', 'ढोका', 'खोल्ने', 'अपेक्षा', 'गरिएको', 'छ', '।']"
392,चीन प्रविधि नयाँ प्रयोग,क्रिकेट मा एआई प्रविधि प्रयोग सुधार ल्याउने अपेक्षा।,1,"['चीन', 'प्रविधिको', 'नयाँ', 'प्रयोग']","['क्रिकेट', 'मा', 'एआई', 'प्रविधिको', 'प्रयोगले', 'सुधार', 'ल्याउने', 'अपेक्षा', '।']"
393,चीन मा प्रधानमन्त्री नयाँ कदम,भारत को भ्रमण आर्थिक विकास नयाँ ढोका खोल्ने अपेक्षा गरिए छ।,1,"['चीन', 'मा', 'प्रधानमन्त्रीको', 'नयाँ', 'कदम']","['भारत', 'को', 'भ्रमणले', 'आर्थिक', 'विकासको', 'नयाँ', 'ढोका', 'खोल्ने', 'अपेक्षा', 'गरिएको', 'छ', '।']"
394,नेपाल मा प्रधानमन्त्री नयाँ कदम,एआई को निर्णय व्यापक प्रतिक्रिया ल्याए छ।,0,"['नेपाल', 'मा', 'प्रधानमन्त्रीको', 'नयाँ', 'कदम']","['एआई', 'को', 'निर्णयले', 'व्यापक', 'प्रतिक्रिया', 'ल्याएको', 'छ', '।']"
395,चीन फाइनल खेल तयारी,चीन खेल दर्शक ध्यान ताने छ।,0,"['चीन', 'फाइनल', 'खेलको', 'तयारी']","['चीन', 'खेलले', 'दर्शकको', 'ध्यान', 'तानेको', 'छ', '।']"
396,ओलम्पिक सम्बन्ध नयाँ मस्यौदा,चीन सम्बन्ध सरकार तर्फ चासो व्यक्त।,1,"['ओलम्पिक', 'सम्बन्धमा', 'नयाँ', 'मस्यौदा']","['चीन', 'सम्बन्धमा', 'सरकारको', 'तर्फबाट', 'चासो', 'व्यक्त', '।']"
397,नेपाल मा प्रधानमन्त्री नयाँ कदम,फाइभजी को निर्णय व्यापक प्रतिक्रिया ल्याए छ।,1,"['नेपाल', 'मा', 'प्रधानमन्त्रीको', 'नयाँ', 'कदम']","['फाइभजी', 'को', 'निर्णयले', 'व्यापक', 'प्रतिक्रिया', 'ल्याएको', 'छ', '।']"
398,एआई नेटवर्क सुरुवात,नेपाल को सुरुवात भविष्य गति थप्नेछ।,0,"['एआई', 'नेटवर्कको', 'सुरुवात']","['नेपाल', 'को', 'सुरुवातले', 'भविष्यमा', 'गति', 'थप्नेछ', '।']"
399,फाइभजी खेलाडी स्वर्ण जिते,क्रिकेट प्रतियोगिता नेपाल ऐतिहासिक प्रदर्शन।,0,"['फाइभजी', 'खेलाडीले', 'स्वर्ण', 'जिते']","['क्रिकेट', 'प्रतियोगितामा', 'नेपालको', 'ऐतिहासिक', 'प्रदर्शन', '।']"
400,ओलम्पिक मा प्रधानमन्त्री नयाँ कदम,ओलम्पिक को निर्णय व्यापक प्रतिक्रिया ल्याए छ।,0,"['ओलम्पिक', 'मा', 'प्रधानमन्त्रीको', 'नयाँ', 'कदम']","['ओलम्पिक', 'को', 'निर्णयले', 'व्यापक', 'प्रतिक्रिया', 'ल्याएको', 'छ', '।']"
401,ओलम्पिक प्रविधि नयाँ प्रयोग,फाइभजी मा एआई प्रविधि प्रयोग सुधार ल्याउने अपेक्षा।,1,"['ओलम्पिक', 'प्रविधिको', 'नयाँ', 'प्रयोग']","['फाइभजी', 'मा', 'एआई', 'प्रविधिको', 'प्रयोगले', 'सुधार', 'ल्याउने', 'अपेक्षा', '।']"
402,भारत प्रविधि नयाँ प्रयोग,चीन मा एआई प्रविधि प्रयोग सुधार ल्याउने अपेक्षा।,1,"['भारत', 'प्रविधिको', 'नयाँ', 'प्रयोग']","['चीन', 'मा', 'एआई', 'प्रविधिको', 'प्रयोगले', 'सुधार', 'ल्याउने', 'अपेक्षा', '।']"
403,नेपाल सम्बन्ध नयाँ मस्यौदा,भारत को निर्णय व्यापक प्रतिक्रिया ल्याए छ।,0,"['नेपाल', 'सम्बन्धमा', 'नयाँ', 'मस्यौदा']","['भारत', 'को', 'निर्णयले', 'व्यापक', 'प्रतिक्रिया', 'ल्याएको', 'छ', '।']"
404,क्रिकेट ले नयाँ उपकरण सार्वजनिक गर्यो,फाइभजी को सुरुवात भविष्य गति थप्नेछ।,0,"['क्रिकेट', 'ले', 'नयाँ', 'उपकरण', 'सार्वजनिक', 'गर्यो']","['फाइभजी', 'को', 'सुरुवातले', 'भविष्यमा', 'गति', 'थप्नेछ', '।']"
405,फाइभजी नेटवर्क सुरुवात,ओलम्पिक मा एआई प्रविधि प्रयोग सुधार ल्याउने अपेक्षा।,0,"['फाइभजी', 'नेटवर्कको', 'सुरुवात']","['ओलम्पिक', 'मा', 'एआई', 'प्रविधिको', 'प्रयोगले', 'सुधार', 'ल्याउने', 'अपेक्षा', '।']"
406,फाइभजी मा प्रधानमन्त्री नयाँ कदम,भारत को निर्णय व्यापक प्रतिक्रिया ल्याए छ।,1,"['फाइभजी', 'मा', 'प्रधानमन्त्रीको', 'नयाँ', 'कदम']","['भारत', 'को', 'निर्णयले', 'व्यापक', 'प्रतिक्रिया', 'ल्याएको', 'छ', '।']"
407,भारत मा नेपाल ऐतिहासिक जीत,चीन खेल दर्शक ध्यान ताने छ।,0,"['भारत', 'मा', 'नेपालको', 'ऐतिहासिक', 'जीत']","['चीन', 'खेलले', 'दर्शकको', 'ध्यान', 'तानेको', 'छ', '।']"
408,फाइभजी ले नयाँ उपकरण सार्वजनिक गर्यो,नेपाल मा एआई प्रविधि प्रयोग सुधार ल्याउने अपेक्षा।,1,"['फाइभजी', 'ले', 'नयाँ', 'उपकरण', 'सार्वजनिक', 'गर्यो']","['नेपाल', 'मा', 'एआई', 'प्रविधिको', 'प्रयोगले', 'सुधार', 'ल्याउने', 'अपेक्षा', '।']"
409,चीन संसद् बैठक स्थगित,चीन सम्बन्ध सरकार तर्फ चासो व्यक्त।,1,"['चीन', 'संसद्', 'बैठक', 'स्थगित']","['चीन', 'सम्बन्धमा', 'सरकारको', 'तर्फबाट', 'चासो', 'व्यक्त', '।']"
410,नेपाल फाइनल खेल तयारी,चीन खेलाडी मेहनत स्वर्ण पदक नेपाल दिलायो।,0,"['नेपाल', 'फाइनल', 'खेलको', 'तयारी']","['चीन', 'खेलाडीको', 'मेहनतले', 'स्वर्ण', 'पदक', 'नेपाललाई', 'दिलायो', '।']"
411,ओलम्पिक खेलाडी स्वर्ण जिते,नेपाल प्रतियोगिता नेपाल ऐतिहासिक प्रदर्शन।,0,"['ओलम्पिक', 'खेलाडीले', 'स्वर्ण', 'जिते']","['नेपाल', 'प्रतियोगितामा', 'नेपालको', 'ऐतिहासिक', 'प्रदर्शन', '।']"
412,चीन ले नयाँ उपकरण सार्वजनिक गर्यो,नेपाल ले नयाँ उत्पाद बजार चकित पारे छ।,0,"['चीन', 'ले', 'नयाँ', 'उपकरण', 'सार्वजनिक', 'गर्यो']","['नेपाल', 'ले', 'नयाँ', 'उत्पादले', 'बजारलाई', 'चकित', 'पारेको', 'छ', '।']"
413,एआई संसद् बैठक स्थगित,ओलम्पिक सम्बन्ध सरकार तर्फ चासो व्यक्त।,1,"['एआई', 'संसद्', 'बैठक', 'स्थगित']","['ओलम्पिक', 'सम्बन्धमा', 'सरकारको', 'तर्फबाट', 'चासो', 'व्यक्त', '।']"
414,क्रिकेट ले नयाँ उपकरण सार्वजनिक गर्यो,भारत को सुरुवात भविष्य गति थप्नेछ।,0,"['क्रिकेट', 'ले', 'नयाँ', 'उपकरण', 'सार्वजनिक', 'गर्यो']","['भारत', 'को', 'सुरुवातले', 'भविष्यमा', 'गति', 'थप्नेछ', '।']"
415,ओलम्पिक नेटवर्क सुरुवात,क्रिकेट को सुरुवात भविष्य गति थप्नेछ।,1,"['ओलम्पिक', 'नेटवर्कको', 'सुरुवात']","['क्रिकेट', 'को', 'सुरुवातले', 'भविष्यमा', 'गति', 'थप्नेछ', '।']"
416,ओलम्पिक सम्बन्ध नयाँ मस्यौदा,नेपाल सम्बन्ध सरकार तर्फ चासो व्यक्त।,0,"['ओलम्पिक', 'सम्बन्धमा', 'नयाँ', 'मस्यौदा']","['नेपाल', 'सम्बन्धमा', 'सरकारको', 'तर्फबाट', 'चासो', 'व्यक्त', '।']"
417,चीन सम्बन्ध नयाँ मस्यौदा,क्रिकेट को निर्णय व्यापक प्रतिक्रिया ल्याए छ।,1,"['चीन', 'सम्बन्धमा', 'नयाँ', 'मस्यौदा']","['क्रिकेट', 'को', 'निर्णयले', 'व्यापक', 'प्रतिक्रिया', 'ल्याएको', 'छ', '।']"
418,एआई खेलाडी स्वर्ण जिते,एआई प्रतियोगिता नेपाल ऐतिहासिक प्रदर्शन।,0,"['एआई', 'खेलाडीले', 'स्वर्ण', 'जिते']","['एआई', 'प्रतियोगितामा', 'नेपालको', 'ऐतिहासिक', 'प्रदर्शन', '।']"
419,नेपाल फाइनल खेल तयारी,क्रिकेट खेलाडी मेहनत स्वर्ण पदक नेपाल दिलायो।,1,"['नेपाल', 'फाइनल', 'खेलको', 'तयारी']","['क्रिकेट', 'खेलाडीको', 'मेहनतले', 'स्वर्ण', 'पदक', 'नेपाललाई', 'दिलायो', '।']"
420,फाइभजी खेलाडी स्वर्ण जिते,भारत प्रतियोगिता नेपाल ऐतिहासिक प्रदर्शन।,0,"['फाइभजी', 'खेलाडीले', 'स्वर्ण', 'जिते']","['भारत', 'प्रतियोगितामा', 'नेपालको', 'ऐतिहासिक', 'प्रदर्शन', '।']"
421,फाइभजी संसद् बैठक स्थगित,एआई सम्बन्ध सरकार तर्फ चासो व्यक्त।,0,"['फाइभजी', 'संसद्', 'बैठक', 'स्थगित']","['एआई', 'सम्बन्धमा', 'सरकारको', 'तर्फबाट', 'चासो', 'व्यक्त', '।']"
422,ओलम्पिक नेटवर्क सुरुवात,क्रिकेट मा एआई प्रविधि प्रयोग सुधार ल्याउने अपेक्षा।,1,"['ओलम्पिक', 'नेटवर्कको', 'सुरुवात']","['क्रिकेट', 'मा', 'एआई', 'प्रविधिको', 'प्रयोगले', 'सुधार', 'ल्याउने', 'अपेक्षा', '।']"
423,नेपाल प्रविधि नयाँ प्रयोग,क्रिकेट मा एआई प्रविधि प्रयोग सुधार ल्याउने अपेक्षा।,0,"['नेपाल', 'प्रविधिको', 'नयाँ', 'प्रयोग']","['क्रिकेट', 'मा', 'एआई', 'प्रविधिको', 'प्रयोगले', 'सुधार', 'ल्याउने', 'अपेक्षा', '।']"
424,भारत सम्बन्ध नयाँ मस्यौदा,फाइभजी को भ्रमण आर्थिक विकास नयाँ ढोका खोल्ने अपेक्षा गरिए छ।,0,"['भारत', 'सम्बन्धमा', 'नयाँ', 'मस्यौदा']","['फाइभजी', 'को', 'भ्रमणले', 'आर्थिक', 'विकासको', 'नयाँ', 'ढोका', 'खोल्ने', 'अपेक्षा', 'गरिएको', 'छ', '।']"
425,क्रिकेट ले नयाँ उपकरण सार्वजनिक गर्यो,नेपाल को सुरुवात भविष्य गति थप्नेछ।,1,"['क्रिकेट', 'ले', 'नयाँ', 'उपकरण', 'सार्वजनिक', 'गर्यो']","['नेपाल', 'को', 'सुरुवातले', 'भविष्यमा', 'गति', 'थप्नेछ', '।']"
426,भारत मा नेपाल ऐतिहासिक जीत,फाइभजी खेल दर्शक ध्यान ताने छ।,0,"['भारत', 'मा', 'नेपालको', 'ऐतिहासिक', 'जीत']","['फाइभजी', 'खेलले', 'दर्शकको', 'ध्यान', 'तानेको', 'छ', '।']"
427,भारत सम्बन्ध नयाँ मस्यौदा,ओलम्पिक को निर्णय व्यापक प्रतिक्रिया ल्याए छ।,0,"['भारत', 'सम्बन्धमा', 'नयाँ', 'मस्यौदा']","['ओलम्पिक', 'को', 'निर्णयले', 'व्यापक', 'प्रतिक्रिया', 'ल्याएको', 'छ', '।']"
428,एआई सम्बन्ध नयाँ मस्यौदा,क्रिकेट को भ्रमण आर्थिक विकास नयाँ ढोका खोल्ने अपेक्षा गरिए छ।,1,"['एआई', 'सम्बन्धमा', 'नयाँ', 'मस्यौदा']","['क्रिकेट', 'को', 'भ्रमणले', 'आर्थिक', 'विकासको', 'नयाँ', 'ढोका', 'खोल्ने', 'अपेक्षा', 'गरिएको', 'छ', '।']"
429,भारत नेटवर्क सुरुवात,एआई को सुरुवात भविष्य गति थप्नेछ।,1,"['भारत', 'नेटवर्कको', 'सुरुवात']","['एआई', 'को', 'सुरुवातले', 'भविष्यमा', 'गति', 'थप्नेछ', '।']"
430,ओलम्पिक प्रविधि नयाँ प्रयोग,एआई मा एआई प्रविधि प्रयोग सुधार ल्याउने अपेक्षा।,1,"['ओलम्पिक', 'प्रविधिको', 'नयाँ', 'प्रयोग']","['एआई', 'मा', 'एआई', 'प्रविधिको', 'प्रयोगले', 'सुधार', 'ल्याउने', 'अपेक्षा', '।']"
431,चीन मा प्रधानमन्त्री नयाँ कदम,भारत सम्बन्ध सरकार तर्फ चासो व्यक्त।,1,"['चीन', 'मा', 'प्रधानमन्त्रीको', 'नयाँ', 'कदम']","['भारत', 'सम्बन्धमा', 'सरकारको', 'तर्फबाट', 'चासो', 'व्यक्त', '।']"
432,चीन मा प्रधानमन्त्री नयाँ कदम,नेपाल को निर्णय व्यापक प्रतिक्रिया ल्याए छ।,1,"['चीन', 'मा', 'प्रधानमन्त्रीको', 'नयाँ', 'कदम']","['नेपाल', 'को', 'निर्णयले', 'व्यापक', 'प्रतिक्रिया', 'ल्याएको', 'छ', '।']"
433,ओलम्पिक प्रविधि नयाँ प्रयोग,भारत को सुरुवात भविष्य गति थप्नेछ।,0,"['ओलम्पिक', 'प्रविधिको', 'नयाँ', 'प्रयोग']","['भारत', 'को', 'सुरुवातले', 'भविष्यमा', 'गति', 'थप्नेछ', '।']"
434,भारत खेलाडी स्वर्ण जिते,भारत खेल दर्शक ध्यान ताने छ।,0,"['भारत', 'खेलाडीले', 'स्वर्ण', 'जिते']","['भारत', 'खेलले', 'दर्शकको', 'ध्यान', 'तानेको', 'छ', '।']"
435,फाइभजी नेटवर्क सुरुवात,ओलम्पिक मा एआई प्रविधि प्रयोग सुधार ल्याउने अपेक्षा।,1,"['फाइभजी', 'नेटवर्कको', 'सुरुवात']","['ओलम्पिक', 'मा', 'एआई', 'प्रविधिको', 'प्रयोगले', 'सुधार', 'ल्याउने', 'अपेक्षा', '।']"
436,भारत मा नेपाल ऐतिहासिक जीत,ओलम्पिक खेलाडी मेहनत स्वर्ण पदक नेपाल दिलायो।,0,"['भारत', 'मा', 'नेपालको', 'ऐतिहासिक', 'जीत']","['ओलम्पिक', 'खेलाडीको', 'मेहनतले', 'स्वर्ण', 'पदक', 'नेपाललाई', 'दिलायो', '।']"
437,क्रिकेट फाइनल खेल तयारी,भारत खेलाडी मेहनत स्वर्ण पदक नेपाल दिलायो।,0,"['क्रिकेट', 'फाइनल', 'खेलको', 'तयारी']","['भारत', 'खेलाडीको', 'मेहनतले', 'स्वर्ण', 'पदक', 'नेपाललाई', 'दिलायो', '।']"
438,भारत प्रविधि नयाँ प्रयोग,चीन मा एआई प्रविधि प्रयोग सुधार ल्याउने अपेक्षा।,1,"['भारत', 'प्रविधिको', 'नयाँ', 'प्रयोग']","['चीन', 'मा', 'एआई', 'प्रविधिको', 'प्रयोगले', 'सुधार', 'ल्याउने', 'अपेक्षा', '।']"
439,भारत मा नेपाल ऐतिहासिक जीत,भारत खेल दर्शक ध्यान ताने छ।,0,"['भारत', 'मा', 'नेपालको', 'ऐतिहासिक', 'जीत']","['भारत', 'खेलले', 'दर्शकको', 'ध्यान', 'तानेको', 'छ', '।']"
440,एआई मा नेपाल ऐतिहासिक जीत,एआई खेलाडी मेहनत स्वर्ण पदक नेपाल दिलायो।,1,"['एआई', 'मा', 'नेपालको', 'ऐतिहासिक', 'जीत']","['एआई', 'खेलाडीको', 'मेहनतले', 'स्वर्ण', 'पदक', 'नेपाललाई', 'दिलायो', '।']"
441,चीन संसद् बैठक स्थगित,फाइभजी को निर्णय व्यापक प्रतिक्रिया ल्याए छ।,1,"['चीन', 'संसद्', 'बैठक', 'स्थगित']","['फाइभजी', 'को', 'निर्णयले', 'व्यापक', 'प्रतिक्रिया', 'ल्याएको', 'छ', '।']"
442,भारत मा नेपाल ऐतिहासिक जीत,चीन प्रतियोगिता नेपाल ऐतिहासिक प्रदर्शन।,1,"['भारत', 'मा', 'नेपालको', 'ऐतिहासिक', 'जीत']","['चीन', 'प्रतियोगितामा', 'नेपालको', 'ऐतिहासिक', 'प्रदर्शन', '।']"
443,नेपाल ले नयाँ उपकरण सार्वजनिक गर्यो,ओलम्पिक मा एआई प्रविधि प्रयोग सुधार ल्याउने अपेक्षा।,1,"['नेपाल', 'ले', 'नयाँ', 'उपकरण', 'सार्वजनिक', 'गर्यो']","['ओलम्पिक', 'मा', 'एआई', 'प्रविधिको', 'प्रयोगले', 'सुधार', 'ल्याउने', 'अपेक्षा', '।']"
444,फाइभजी नेटवर्क सुरुवात,क्रिकेट मा एआई प्रविधि प्रयोग सुधार ल्याउने अपेक्षा।,1,"['फाइभजी', 'नेटवर्कको', 'सुरुवात']","['क्रिकेट', 'मा', 'एआई', 'प्रविधिको', 'प्रयोगले', 'सुधार', 'ल्याउने', 'अपेक्षा', '।']"
445,भारत सम्बन्ध नयाँ मस्यौदा,नेपाल को भ्रमण आर्थिक विकास नयाँ ढोका खोल्ने अपेक्षा गरिए छ।,1,"['भारत', 'सम्बन्धमा', 'नयाँ', 'मस्यौदा']","['नेपाल', 'को', 'भ्रमणले', 'आर्थिक', 'विकासको', 'नयाँ', 'ढोका', 'खोल्ने', 'अपेक्षा', 'गरिएको', 'छ', '।']"
446,चीन खेलाडी स्वर्ण जिते,एआई खेल दर्शक ध्यान ताने छ।,1,"['चीन', 'खेलाडीले', 'स्वर्ण', 'जिते']","['एआई', 'खेलले', 'दर्शकको', 'ध्यान', 'तानेको', 'छ', '।']"
447,चीन ले नयाँ उपकरण सार्वजनिक गर्यो,एआई ले नयाँ उत्पाद बजार चकित पारे छ।,1,"['चीन', 'ले', 'नयाँ', 'उपकरण', 'सार्वजनिक', 'गर्यो']","['एआई', 'ले', 'नयाँ', 'उत्पादले', 'बजारलाई', 'चकित', 'पारेको', 'छ', '।']"
448,भारत मा प्रधानमन्त्री नयाँ कदम,नेपाल को निर्णय व्यापक प्रतिक्रिया ल्याए छ।,1,"['भारत', 'मा', 'प्रधानमन्त्रीको', 'नयाँ', 'कदम']","['नेपाल', 'को', 'निर्णयले', 'व्यापक', 'प्रतिक्रिया', 'ल्याएको', 'छ', '।']"
449,चीन सम्बन्ध नयाँ मस्यौदा,क्रिकेट सम्बन्ध सरकार तर्फ चासो व्यक्त।,0,"['चीन', 'सम्बन्धमा', 'नयाँ', 'मस्यौदा']","['क्रिकेट', 'सम्बन्धमा', 'सरकारको', 'तर्फबाट', 'चासो', 'व्यक्त', '।']"
450,ओलम्पिक सम्बन्ध नयाँ मस्यौदा,क्रिकेट को भ्रमण आर्थिक विकास नयाँ ढोका खोल्ने अपेक्षा गरिए छ।,0,"['ओलम्पिक', 'सम्बन्धमा', 'नयाँ', 'मस्यौदा']","['क्रिकेट', 'को', 'भ्रमणले', 'आर्थिक', 'विकासको', 'नयाँ', 'ढोका', 'खोल्ने', 'अपेक्षा', 'गरिएको', 'छ', '।']"
451,फाइभजी संसद् बैठक स्थगित,एआई को भ्रमण आर्थिक विकास नयाँ ढोका खोल्ने अपेक्षा गरिए छ।,0,"['फाइभजी', 'संसद्', 'बैठक', 'स्थगित']","['एआई', 'को', 'भ्रमणले', 'आर्थिक', 'विकासको', 'नयाँ', 'ढोका', 'खोल्ने', 'अपेक्षा', 'गरिएको', 'छ', '।']"
452,नेपाल संसद् बैठक स्थगित,क्रिकेट को भ्रमण आर्थिक विकास नयाँ ढोका खोल्ने अपेक्षा गरिए छ।,0,"['नेपाल', 'संसद्', 'बैठक', 'स्थगित']","['क्रिकेट', 'को', 'भ्रमणले', 'आर्थिक', 'विकासको', 'नयाँ', 'ढोका', 'खोल्ने', 'अपेक्षा', 'गरिएको', 'छ', '।']"
453,ओलम्पिक ले नयाँ उपकरण सार्वजनिक गर्यो,ओलम्पिक मा एआई प्रविधि प्रयोग सुधार ल्याउने अपेक्षा।,0,"['ओलम्पिक', 'ले', 'नयाँ', 'उपकरण', 'सार्वजनिक', 'गर्यो']","['ओलम्पिक', 'मा', 'एआई', 'प्रविधिको', 'प्रयोगले', 'सुधार', 'ल्याउने', 'अपेक्षा', '।']"
454,एआई संसद् बैठक स्थगित,फाइभजी को भ्रमण आर्थिक विकास नयाँ ढोका खोल्ने अपेक्षा गरिए छ।,0,"['एआई', 'संसद्', 'बैठक', 'स्थगित']","['फाइभजी', 'को', 'भ्रमणले', 'आर्थिक', 'विकासको', 'नयाँ', 'ढोका', 'खोल्ने', 'अपेक्षा', 'गरिएको', 'छ', '।']"
455,भारत खेलाडी स्वर्ण जिते,नेपाल प्रतियोगिता नेपाल ऐतिहासिक प्रदर्शन।,0,"['भारत', 'खेलाडीले', 'स्वर्ण', 'जिते']","['नेपाल', 'प्रतियोगितामा', 'नेपालको', 'ऐतिहासिक', 'प्रदर्शन', '।']"
456,चीन सम्बन्ध नयाँ मस्यौदा,नेपाल सम्बन्ध सरकार तर्फ चासो व्यक्त।,1,"['चीन', 'सम्बन्धमा', 'नयाँ', 'मस्यौदा']","['नेपाल', 'सम्बन्धमा', 'सरकारको', 'तर्फबाट', 'चासो', 'व्यक्त', '।']"
457,नेपाल नेटवर्क सुरुवात,एआई मा एआई प्रविधि प्रयोग सुधार ल्याउने अपेक्षा।,1,"['नेपाल', 'नेटवर्कको', 'सुरुवात']","['एआई', 'मा', 'एआई', 'प्रविधिको', 'प्रयोगले', 'सुधार', 'ल्याउने', 'अपेक्षा', '।']"
458,ओलम्पिक मा प्रधानमन्त्री नयाँ कदम,क्रिकेट को भ्रमण आर्थिक विकास नयाँ ढोका खोल्ने अपेक्षा गरिए छ।,0,"['ओलम्पिक', 'मा', 'प्रधानमन्त्रीको', 'नयाँ', 'कदम']","['क्रिकेट', 'को', 'भ्रमणले', 'आर्थिक', 'विकासको', 'नयाँ', 'ढोका', 'खोल्ने', 'अपेक्षा', 'गरिएको', 'छ', '।']"
459,फाइभजी ले नयाँ उपकरण सार्वजनिक गर्यो,चीन मा एआई प्रविधि प्रयोग सुधार ल्याउने अपेक्षा।,1,"['फाइभजी', 'ले', 'नयाँ', 'उपकरण', 'सार्वजनिक', 'गर्यो']","['चीन', 'मा', 'एआई', 'प्रविधिको', 'प्रयोगले', 'सुधार', 'ल्याउने', 'अपेक्षा', '।']"
460,नेपाल मा नेपाल ऐतिहासिक जीत,ओलम्पिक खेल दर्शक ध्यान ताने छ।,0,"['नेपाल', 'मा', 'नेपालको', 'ऐतिहासिक', 'जीत']","['ओलम्पिक', 'खेलले', 'दर्शकको', 'ध्यान', 'तानेको', 'छ', '।']"
461,नेपाल प्रविधि नयाँ प्रयोग,एआई ले नयाँ उत्पाद बजार चकित पारे छ।,0,"['नेपाल', 'प्रविधिको', 'नयाँ', 'प्रयोग']","['एआई', 'ले', 'नयाँ', 'उत्पादले', 'बजारलाई', 'चकित', 'पारेको', 'छ', '।']"
462,नेपाल मा प्रधानमन्त्री नयाँ कदम,फाइभजी को निर्णय व्यापक प्रतिक्रिया ल्याए छ।,0,"['नेपाल', 'मा', 'प्रधानमन्त्रीको', 'नयाँ', 'कदम']","['फाइभजी', 'को', 'निर्णयले', 'व्यापक', 'प्रतिक्रिया', 'ल्याएको', 'छ', '।']"
463,एआई प्रविधि नयाँ प्रयोग,चीन मा एआई प्रविधि प्रयोग सुधार ल्याउने अपेक्षा।,1,"['एआई', 'प्रविधिको', 'नयाँ', 'प्रयोग']","['चीन', 'मा', 'एआई', 'प्रविधिको', 'प्रयोगले', 'सुधार', 'ल्याउने', 'अपेक्षा', '।']"
464,चीन फाइनल खेल तयारी,चीन खेल दर्शक ध्यान ताने छ।,0,"['चीन', 'फाइनल', 'खेलको', 'तयारी']","['चीन', 'खेलले', 'दर्शकको', 'ध्यान', 'तानेको', 'छ', '।']"
465,ओलम्पिक सम्बन्ध नयाँ मस्यौदा,ओलम्पिक को भ्रमण आर्थिक विकास नयाँ ढोका खोल्ने अपेक्षा गरिए छ।,0,"['ओलम्पिक', 'सम्बन्धमा', 'नयाँ', 'मस्यौदा']","['ओलम्पिक', 'को', 'भ्रमणले', 'आर्थिक', 'विकासको', 'नयाँ', 'ढोका', 'खोल्ने', 'अपेक्षा', 'गरिएको', 'छ', '।']"
466,नेपाल सम्बन्ध नयाँ मस्यौदा,फाइभजी को निर्णय व्यापक प्रतिक्रिया ल्याए छ।,0,"['नेपाल', 'सम्बन्धमा', 'नयाँ', 'मस्यौदा']","['फाइभजी', 'को', 'निर्णयले', 'व्यापक', 'प्रतिक्रिया', 'ल्याएको', 'छ', '।']"
467,क्रिकेट खेलाडी स्वर्ण जिते,फाइभजी खेलाडी मेहनत स्वर्ण पदक नेपाल दिलायो।,1,"['क्रिकेट', 'खेलाडीले', 'स्वर्ण', 'जिते']","['फाइभजी', 'खेलाडीको', 'मेहनतले', 'स्वर्ण', 'पदक', 'नेपाललाई', 'दिलायो', '।']"
468,ओलम्पिक मा नेपाल ऐतिहासिक जीत,भारत खेल दर्शक ध्यान ताने छ।,1,"['ओलम्पिक', 'मा', 'नेपालको', 'ऐतिहासिक', 'जीत']","['भारत', 'खेलले', 'दर्शकको', 'ध्यान', 'तानेको', 'छ', '।']"
469,ओलम्पिक मा नेपाल ऐतिहासिक जीत,एआई खेलाडी मेहनत स्वर्ण पदक नेपाल दिलायो।,1,"['ओलम्पिक', 'मा', 'नेपालको', 'ऐतिहासिक', 'जीत']","['एआई', 'खेलाडीको', 'मेहनतले', 'स्वर्ण', 'पदक', 'नेपाललाई', 'दिलायो', '।']"
470,चीन मा प्रधानमन्त्री नयाँ कदम,फाइभजी को भ्रमण आर्थिक विकास नयाँ ढोका खोल्ने अपेक्षा गरिए छ।,0,"['चीन', 'मा', 'प्रधानमन्त्रीको', 'नयाँ', 'कदम']","['फाइभजी', 'को', 'भ्रमणले', 'आर्थिक', 'विकासको', 'नयाँ', 'ढोका', 'खोल्ने', 'अपेक्षा', 'गरिएको', 'छ', '।']"
471,भारत नेटवर्क सुरुवात,फाइभजी मा एआई प्रविधि प्रयोग सुधार ल्याउने अपेक्षा।,0,"['भारत', 'नेटवर्कको', 'सुरुवात']","['फाइभजी', 'मा', 'एआई', 'प्रविधिको', 'प्रयोगले', 'सुधार', 'ल्याउने', 'अपेक्षा', '।']"
472,फाइभजी मा नेपाल ऐतिहासिक जीत,नेपाल खेल दर्शक ध्यान ताने छ।,1,"['फाइभजी', 'मा', 'नेपालको', 'ऐतिहासिक', 'जीत']","['नेपाल', 'खेलले', 'दर्शकको', 'ध्यान', 'तानेको', 'छ', '।']"
473,फाइभजी सम्बन्ध नयाँ मस्यौदा,एआई सम्बन्ध सरकार तर्फ चासो व्यक्त।,1,"['फाइभजी', 'सम्बन्धमा', 'नयाँ', 'मस्यौदा']","['एआई', 'सम्बन्धमा', 'सरकारको', 'तर्फबाट', 'चासो', 'व्यक्त', '।']"
474,चीन ले नयाँ उपकरण सार्वजनिक गर्यो,नेपाल को सुरुवात भविष्य गति थप्नेछ।,1,"['चीन', 'ले', 'नयाँ', 'उपकरण', 'सार्वजनिक', 'गर्यो']","['नेपाल', 'को', 'सुरुवातले', 'भविष्यमा', 'गति', 'थप्नेछ', '।']"
475,नेपाल संसद् बैठक स्थगित,भारत सम्बन्ध सरकार तर्फ चासो व्यक्त।,0,"['नेपाल', 'संसद्', 'बैठक', 'स्थगित']","['भारत', 'सम्बन्धमा', 'सरकारको', 'तर्फबाट', 'चासो', 'व्यक्त', '।']"
476,चीन नेटवर्क सुरुवात,क्रिकेट ले नयाँ उत्पाद बजार चकित पारे छ।,1,"['चीन', 'नेटवर्कको', 'सुरुवात']","['क्रिकेट', 'ले', 'नयाँ', 'उत्पादले', 'बजारलाई', 'चकित', 'पारेको', 'छ', '।']"
477,ओलम्पिक नेटवर्क सुरुवात,क्रिकेट ले नयाँ उत्पाद बजार चकित पारे छ।,1,"['ओलम्पिक', 'नेटवर्कको', 'सुरुवात']","['क्रिकेट', 'ले', 'नयाँ', 'उत्पादले', 'बजारलाई', 'चकित', 'पारेको', 'छ', '।']"
478,एआई संसद् बैठक स्थगित,चीन को निर्णय व्यापक प्रतिक्रिया ल्याए छ।,0,"['एआई', 'संसद्', 'बैठक', 'स्थगित']","['चीन', 'को', 'निर्णयले', 'व्यापक', 'प्रतिक्रिया', 'ल्याएको', 'छ', '।']"
479,ओलम्पिक मा नेपाल ऐतिहासिक जीत,भारत खेल दर्शक ध्यान ताने छ।,0,"['ओलम्पिक', 'मा', 'नेपालको', 'ऐतिहासिक', 'जीत']","['भारत', 'खेलले', 'दर्शकको', 'ध्यान', 'तानेको', 'छ', '।']"
480,फाइभजी ले नयाँ उपकरण सार्वजनिक गर्यो,क्रिकेट ले नयाँ उत्पाद बजार चकित पारे छ।,0,"['फाइभजी', 'ले', 'नयाँ', 'उपकरण', 'सार्वजनिक', 'गर्यो']","['क्रिकेट', 'ले', 'नयाँ', 'उत्पादले', 'बजारलाई', 'चकित', 'पारेको', 'छ', '।']"
481,भारत नेटवर्क सुरुवात,फाइभजी मा एआई प्रविधि प्रयोग सुधार ल्याउने अपेक्षा।,1,"['भारत', 'नेटवर्कको', 'सुरुवात']","['फाइभजी', 'मा', 'एआई', 'प्रविधिको', 'प्रयोगले', 'सुधार', 'ल्याउने', 'अपेक्षा', '।']"
482,क्रिकेट नेटवर्क सुरुवात,नेपाल को सुरुवात भविष्य गति थप्नेछ।,0,"['क्रिकेट', 'नेटवर्कको', 'सुरुवात']","['नेपाल', 'को', 'सुरुवातले', 'भविष्यमा', 'गति', 'थप्नेछ', '।']"
483,नेपाल खेलाडी स्वर्ण जिते,भारत खेल दर्शक ध्यान ताने छ।,1,"['नेपाल', 'खेलाडीले', 'स्वर्ण', 'जिते']","['भारत', 'खेलले', 'दर्शकको', 'ध्यान', 'तानेको', 'छ', '।']"
484,फाइभजी फाइनल खेल तयारी,फाइभजी प्रतियोगिता नेपाल ऐतिहासिक प्रदर्शन।,0,"['फाइभजी', 'फाइनल', 'खेलको', 'तयारी']","['फाइभजी', 'प्रतियोगितामा', 'नेपालको', 'ऐतिहासिक', 'प्रदर्शन', '।']"
485,नेपाल सम्बन्ध नयाँ मस्यौदा,चीन को निर्णय व्यापक प्रतिक्रिया ल्याए छ।,0,"['नेपाल', 'सम्बन्धमा', 'नयाँ', 'मस्यौदा']","['चीन', 'को', 'निर्णयले', 'व्यापक', 'प्रतिक्रिया', 'ल्याएको', 'छ', '।']"
486,एआई प्रविधि नयाँ प्रयोग,एआई मा एआई प्रविधि प्रयोग सुधार ल्याउने अपेक्षा।,0,"['एआई', 'प्रविधिको', 'नयाँ', 'प्रयोग']","['एआई', 'मा', 'एआई', 'प्रविधिको', 'प्रयोगले', 'सुधार', 'ल्याउने', 'अपेक्षा', '।']"
487,एआई ले नयाँ उपकरण सार्वजनिक गर्यो,फाइभजी को सुरुवात भविष्य गति थप्नेछ।,1,"['एआई', 'ले', 'नयाँ', 'उपकरण', 'सार्वजनिक', 'गर्यो']","['फाइभजी', 'को', 'सुरुवातले', 'भविष्यमा', 'गति', 'थप्नेछ', '।']"
488,नेपाल फाइनल खेल तयारी,भारत प्रतियोगिता नेपाल ऐतिहासिक प्रदर्शन।,0,"['नेपाल', 'फाइनल', 'खेलको', 'तयारी']","['भारत', 'प्रतियोगितामा', 'नेपालको', 'ऐतिहासिक', 'प्रदर्शन', '।']"
489,फाइभजी नेटवर्क सुरुवात,ओलम्पिक मा एआई प्रविधि प्रयोग सुधार ल्याउने अपेक्षा।,1,"['फाइभजी', 'नेटवर्कको', 'सुरुवात']","['ओलम्पिक', 'मा', 'एआई', 'प्रविधिको', 'प्रयोगले', 'सुधार', 'ल्याउने', 'अपेक्षा', '।']"
490,चीन नेटवर्क सुरुवात,भारत ले नयाँ उत्पाद बजार चकित पारे छ।,0,"['चीन', 'नेटवर्कको', 'सुरुवात']","['भारत', 'ले', 'नयाँ', 'उत्पादले', 'बजारलाई', 'चकित', 'पारेको', 'छ', '।']"
491,चीन ले नयाँ उपकरण सार्वजनिक गर्यो,क्रिकेट मा एआई प्रविधि प्रयोग सुधार ल्याउने अपेक्षा।,0,"['चीन', 'ले', 'नयाँ', 'उपकरण', 'सार्वजनिक', 'गर्यो']","['क्रिकेट', 'मा', 'एआई', 'प्रविधिको', 'प्रयोगले', 'सुधार', 'ल्याउने', 'अपेक्षा', '।']"
492,फाइभजी नेटवर्क सुरुवात,एआई ले नयाँ उत्पाद बजार चकित पारे छ।,0,"['फाइभजी', 'नेटवर्कको', 'सुरुवात']","['एआई', 'ले', 'नयाँ', 'उत्पादले', 'बजारलाई', 'चकित', 'पारेको', 'छ', '।']"
493,क्रिकेट फाइनल खेल तयारी,ओलम्पिक खेलाडी मेहनत स्वर्ण पदक नेपाल दिलायो।,0,"['क्रिकेट', 'फाइनल', 'खेलको', 'तयारी']","['ओलम्पिक', 'खेलाडीको', 'मेहनतले', 'स्वर्ण', 'पदक', 'नेपाललाई', 'दिलायो', '।']"
494,ओलम्पिक मा प्रधानमन्त्री नयाँ कदम,क्रिकेट को निर्णय व्यापक प्रतिक्रिया ल्याए छ।,0,"['ओलम्पिक', 'मा', 'प्रधानमन्त्रीको', 'नयाँ', 'कदम']","['क्रिकेट', 'को', 'निर्णयले', 'व्यापक', 'प्रतिक्रिया', 'ल्याएको', 'छ', '।']"
495,फाइभजी खेलाडी स्वर्ण जिते,नेपाल खेल दर्शक ध्यान ताने छ।,1,"['फाइभजी', 'खेलाडीले', 'स्वर्ण', 'जिते']","['नेपाल', 'खेलले', 'दर्शकको', 'ध्यान', 'तानेको', 'छ', '।']"
496,भारत मा नेपाल ऐतिहासिक जीत,भारत प्रतियोगिता नेपाल ऐतिहासिक प्रदर्शन।,0,"['भारत', 'मा', 'नेपालको', 'ऐतिहासिक', 'जीत']","['भारत', 'प्रतियोगितामा', 'नेपालको', 'ऐतिहासिक', 'प्रदर्शन', '।']"
497,चीन सम्बन्ध नयाँ मस्यौदा,क्रिकेट को भ्रमण आर्थिक विकास नयाँ ढोका खोल्ने अपेक्षा गरिए छ।,1,"['चीन', 'सम्बन्धमा', 'नयाँ', 'मस्यौदा']","['क्रिकेट', 'को', 'भ्रमणले', 'आर्थिक', 'विकासको', 'नयाँ', 'ढोका', 'खोल्ने', 'अपेक्षा', 'गरिएको', 'छ', '।']"
498,क्रिकेट ले नयाँ उपकरण सार्वजनिक गर्यो,फाइभजी मा एआई प्रविधि प्रयोग सुधार ल्याउने अपेक्षा।,0,"['क्रिकेट', 'ले', 'नयाँ', 'उपकरण', 'सार्वजनिक', 'गर्यो']","['फाइभजी', 'मा', 'एआई', 'प्रविधिको', 'प्रयोगले', 'सुधार', 'ल्याउने', 'अपेक्षा', '।']"
499,चीन संसद् बैठक स्थगित,नेपाल को निर्णय व्यापक प्रतिक्रिया ल्याए छ।,0,"['चीन', 'संसद्', 'बैठक', 'स्थगित']","['नेपाल', 'को', 'निर्णयले', 'व्यापक', 'प्रतिक्रिया', 'ल्याएको', 'छ', '।']"
500,एआई प्रविधि नयाँ प्रयोग,नेपाल ले नयाँ उत्पाद बजार चकित पारे छ।,1,"['एआई', 'प्रविधिको', 'नयाँ', 'प्रयोग']","['नेपाल', 'ले', 'नयाँ', 'उत्पादले', 'बजारलाई', 'चकित', 'पारेको', 'छ', '।']"
